URL,PrizeMoney,Rating
/racing/information/Chinese/Horse/Horse.aspx?HorseId=HK_2016_A179,2773405,52
/racing/information/Chinese/Horse/Horse.aspx?HorseId=HK_2015_V123,3788000,39
/racing/information/Chinese/Horse/Horse.aspx?HorseId=HK_2014_T334,6476100,57
/racing/information/Chinese/Horse/Horse.aspx?HorseId=HK_2017_B047,3337720,50
/racing/information/Chinese/Horse/Horse.aspx?HorseId=HK_2017_B175,648600,45
/racing/information/Chinese/Horse/Horse.aspx?HorseId=HK_2017_B259,1268200,53
/racing/information/Chinese/Horse/Horse.aspx?HorseId=HK_2018_C066,1101045,41
/racing/information/Chinese/Horse/Horse.aspx?HorseId=HK_2018_C172,6968990,60
/racing/information/Chinese/Horse/Horse.aspx?HorseId=HK_2017_B352,2104500,71
/racing/information/Chinese/Horse/Horse.aspx?HorseId=HK_2016_A347,1259040,36
/racing/information/Chinese/Horse/Horse.aspx?HorseId=HK_2017_B381,1169774,33
/racing/information/Chinese/Horse/Horse.aspx?HorseId=HK_2021_G004,1663600,28
/racing/information/Chinese/Horse/Horse.aspx?HorseId=HK_2019_D443,1765125,26
/racing/information/Chinese/Horse/Horse.aspx?HorseId=HK_2020_E403,1493975,30
/racing/information/Chinese/Horse/Horse.aspx?HorseId=HK_2021_G423,520625,22
/racing/information/Chinese/Horse/Horse.aspx?HorseId=HK_2020_E208,1541800,27
/racing/information/Chinese/Horse/Horse.aspx?HorseId=HK_2020_E438,94450,18
/racing/information/Chinese/Horse/Horse.aspx?HorseId=HK_2021_G403,883775,25
/racing/information/Chinese/Horse/Horse.aspx?HorseId=HK_2020_E307,1319350,35
/racing/information/Chinese/Horse/Horse.aspx?HorseId=HK_2022_H128,2939400,51
/racing/information/Chinese/Horse/Horse.aspx?HorseId=HK_2022_H207,1535850,49
/racing/information/Chinese/Horse/Horse.aspx?HorseId=HK_2020_E082,3676200,56
/racing/information/Chinese/Horse/Horse.aspx?HorseId=HK_2021_G312,1034700,47
/racing/information/Chinese/Horse/Horse.aspx?HorseId=HK_2020_E347,3661570,54
/racing/information/Chinese/Horse/Horse.aspx?HorseId=HK_2020_E457,2168475,47
/racing/information/Chinese/Horse/Horse.aspx?HorseId=HK_2017_B085,8467250,49
/racing/information/Chinese/Horse/Horse.aspx?HorseId=HK_2021_G054,2075400,30
/racing/information/Chinese/Horse/Horse.aspx?HorseId=HK_2021_G470,2252975,41
/racing/information/Chinese/Horse/Horse.aspx?HorseId=HK_2021_G408,2982600,38
/racing/information/Chinese/Horse/Horse.aspx?HorseId=HK_2021_G471,2250450,58
/racing/information/Chinese/Horse/Horse.aspx?HorseId=HK_2022_H159,1718100,53
/racing/information/Chinese/Horse/Horse.aspx?HorseId=HK_2020_E385,6215600,67
/racing/information/Chinese/Horse/Horse.aspx?HorseId=HK_2020_E149,1704075,30
/racing/information/Chinese/Horse/Horse.aspx?HorseId=HK_2020_E494,4237530,45
/racing/information/Chinese/Horse/Horse.aspx?HorseId=HK_2020_E397,4129380,55
/racing/information/Chinese/Horse/Horse.aspx?HorseId=HK_2022_H283,1223350,40
/racing/information/Chinese/Horse/Horse.aspx?HorseId=HK_2020_E282,3977950,59
/racing/information/Chinese/Horse/Horse.aspx?HorseId=HK_2022_H063,2047950,49
/racing/information/Chinese/Horse/Horse.aspx?HorseId=HK_2022_H277,1152450,43
/racing/information/Chinese/Horse/Horse.aspx?HorseId=HK_2019_D487,5049600,51
/racing/information/Chinese/Horse/Horse.aspx?HorseId=HK_2021_G217,2094000,65
/racing/information/Chinese/Horse/Horse.aspx?HorseId=HK_2021_G413,1723500,59
/racing/information/Chinese/Horse/Horse.aspx?HorseId=HK_2021_G249,2230200,54
/racing/information/Chinese/Horse/Horse.aspx?HorseId=HK_2020_E281,2142500,31
/racing/information/Chinese/Horse/Horse.aspx?HorseId=HK_2021_G203,625000,39
/racing/information/Chinese/Horse/Horse.aspx?HorseId=HK_2020_E028,9143310,60
/racing/information/Chinese/Horse/Horse.aspx?HorseId=HK_2020_E192,5333800,80
/racing/information/Chinese/Horse/Horse.aspx?HorseId=HK_2020_E222,2422750,62
/racing/information/Chinese/Horse/Horse.aspx?HorseId=HK_2022_H033,3134350,64
/racing/information/Chinese/Horse/Horse.aspx?HorseId=HK_2022_H258,3530750,78
/racing/information/Chinese/Horse/Horse.aspx?HorseId=HK_2022_H120,2659250,72
/racing/information/Chinese/Horse/Horse.aspx?HorseId=HK_2021_G189,2355200,46
/racing/information/Chinese/Horse/Horse.aspx?HorseId=HK_2022_H136,615600,60
/racing/information/Chinese/Horse/Horse.aspx?HorseId=HK_2020_E130,4427350,56
/racing/information/Chinese/Horse/Horse.aspx?HorseId=HK_2019_D474,4145970,47
/racing/information/Chinese/Horse/Horse.aspx?HorseId=HK_2021_G006,3349600,59
/racing/information/Chinese/Horse/Horse.aspx?HorseId=HK_2021_G051,2258225,41
/racing/information/Chinese/Horse/Horse.aspx?HorseId=HK_2018_C361,5394995,45
/racing/information/Chinese/Horse/Horse.aspx?HorseId=HK_2020_E359,2874400,46
/racing/information/Chinese/Horse/Horse.aspx?HorseId=HK_2022_H046,1269300,39
/racing/information/Chinese/Horse/Horse.aspx?HorseId=HK_2022_H104,426600,52
/racing/information/Chinese/Horse/Horse.aspx?HorseId=HK_2020_E432,4485650,55
/racing/information/Chinese/Horse/Horse.aspx?HorseId=HK_2021_G201,2632335,35
/racing/information/Chinese/Horse/Horse.aspx?HorseId=HK_2021_G253,1053975,38
/racing/information/Chinese/Horse/Horse.aspx?HorseId=HK_2019_D350,4736180,53
/racing/information/Chinese/Horse/Horse.aspx?HorseId=HK_2022_H125,5436425,76
/racing/information/Chinese/Horse/Horse.aspx?HorseId=HK_2021_G394,5589700,67
/racing/information/Chinese/Horse/Horse.aspx?HorseId=HK_2021_G221,4533200,73
/racing/information/Chinese/Horse/Horse.aspx?HorseId=HK_2022_H141,4806775,72
/racing/information/Chinese/Horse/Horse.aspx?HorseId=HK_2021_G451,5605938,62
/racing/information/Chinese/Horse/Horse.aspx?HorseId=HK_2017_B001,8892750,81
/racing/information/Chinese/Horse/Horse.aspx?HorseId=HK_2018_C511,6517488,51
/racing/information/Chinese/Horse/Horse.aspx?HorseId=HK_2019_D356,3752975,63
/racing/information/Chinese/Horse/Horse.aspx?HorseId=HK_2020_E368,4055050,46
/racing/information/Chinese/Horse/Horse.aspx?HorseId=HK_2020_E105,4925375,43
/racing/information/Chinese/Horse/Horse.aspx?HorseId=HK_2021_G016,6282315,74
/racing/information/Chinese/Horse/Horse.aspx?HorseId=HK_2021_G093,5791800,64
/racing/information/Chinese/Horse/Horse.aspx?HorseId=HK_2021_G033,5940500,63
/racing/information/Chinese/Horse/Horse.aspx?HorseId=HK_2021_G012,3161100,61
/racing/information/Chinese/Horse/Horse.aspx?HorseId=HK_2022_H092,7166675,94
/racing/information/Chinese/Horse/Horse.aspx?HorseId=HK_2021_G112,2746550,54
/racing/information/Chinese/Horse/Horse.aspx?HorseId=HK_2021_G215,4064350,67
/racing/information/Chinese/Horse/Horse.aspx?HorseId=HK_2022_H256,5890100,78
/racing/information/Chinese/Horse/Horse.aspx?HorseId=HK_2022_H246,2047800,71
/racing/information/Chinese/Horse/Horse.aspx?HorseId=HK_2021_H007,2235675,67
/racing/information/Chinese/Horse/Horse.aspx?HorseId=HK_2021_G090,632150,38
/racing/information/Chinese/Horse/Horse.aspx?HorseId=HK_2020_E069,2914500,28
/racing/information/Chinese/Horse/Horse.aspx?HorseId=HK_2020_E489,2406275,24
/racing/information/Chinese/Horse/Horse.aspx?HorseId=HK_2020_E311,1272050,15
/racing/information/Chinese/Horse/Horse.aspx?HorseId=HK_2020_E205,168700,23
/racing/information/Chinese/Horse/Horse.aspx?HorseId=HK_2020_E409,1328725,14
/racing/information/Chinese/Horse/Horse.aspx?HorseId=HK_2022_H383,2492100,65
/racing/information/Chinese/Horse/Horse.aspx?HorseId=HK_2018_C460,7697270,45
/racing/information/Chinese/Horse/Horse.aspx?HorseId=HK_2019_D090,6075540,41
/racing/information/Chinese/Horse/Horse.aspx?HorseId=HK_2022_H189,538625,30
/racing/information/Chinese/Horse/Horse.aspx?HorseId=HK_2021_G272,2043000,40
/racing/information/Chinese/Horse/Horse.aspx?HorseId=HK_2021_G145,363525,39
/racing/information/Chinese/Horse/Horse.aspx?HorseId=HK_2019_D033,6141885,42
/racing/information/Chinese/Horse/Horse.aspx?HorseId=HK_2020_E223,1853475,44
/racing/information/Chinese/Horse/Horse.aspx?HorseId=HK_2020_E100,3430025,38
/racing/information/Chinese/Horse/Horse.aspx?HorseId=HK_2021_G307,1131225,49
/racing/information/Chinese/Horse/Horse.aspx?HorseId=HK_2022_H047,2314575,57
/racing/information/Chinese/Horse/Horse.aspx?HorseId=HK_2020_E478,2868750,47
/racing/information/Chinese/Horse/Horse.aspx?HorseId=HK_2021_G462,536225,38
/racing/information/Chinese/Horse/Horse.aspx?HorseId=HK_2022_H073,2185900,55
/racing/information/Chinese/Horse/Horse.aspx?HorseId=HK_2018_C533,3168165,20
/racing/information/Chinese/Horse/Horse.aspx?HorseId=HK_2020_E482,869850,15
/racing/information/Chinese/Horse/Horse.aspx?HorseId=HK_2022_H061,1476850,45
/racing/information/Chinese/Horse/Horse.aspx?HorseId=HK_2021_G282,2246175,30
/racing/information/Chinese/Horse/Horse.aspx?HorseId=HK_2021_G341,615750,33
/racing/information/Chinese/Horse/Horse.aspx?HorseId=HK_2022_H035,80850,31
/racing/information/Chinese/Horse/Horse.aspx?HorseId=HK_2020_E138,1237475,15
/racing/information/Chinese/Horse/Horse.aspx?HorseId=HK_2021_G440,0,25
/racing/information/Chinese/Horse/Horse.aspx?HorseId=HK_2022_H147,2767550,65
/racing/information/Chinese/Horse/Horse.aspx?HorseId=HK_2022_H156,538200,43
/racing/information/Chinese/Horse/Horse.aspx?HorseId=HK_2017_B385,6521800,38
/racing/information/Chinese/Horse/Horse.aspx?HorseId=HK_2019_D144,4865740,54
/racing/information/Chinese/Horse/Horse.aspx?HorseId=HK_2019_D118,4685175,42
/racing/information/Chinese/Horse/Horse.aspx?HorseId=HK_2019_D285,6081950,48
/racing/information/Chinese/Horse/Horse.aspx?HorseId=HK_2020_E429,1958175,25
/racing/information/Chinese/Horse/Horse.aspx?HorseId=HK_2022_H363,0,42
/racing/information/Chinese/Horse/Horse.aspx?HorseId=HK_2021_G333,4590950,61
/racing/information/Chinese/Horse/Horse.aspx?HorseId=HK_2020_E472,7430460,72
/racing/information/Chinese/Horse/Horse.aspx?HorseId=HK_2019_D329,8197145,63
/racing/information/Chinese/Horse/Horse.aspx?HorseId=HK_2020_E369,6941510,56
/racing/information/Chinese/Horse/Horse.aspx?HorseId=HK_2022_H116,4885000,69
/racing/information/Chinese/Horse/Horse.aspx?HorseId=HK_2020_E461,7169100,79
/racing/information/Chinese/Horse/Horse.aspx?HorseId=HK_2021_G195,2634925,49
/racing/information/Chinese/Horse/Horse.aspx?HorseId=HK_2020_E161,4825400,48
/racing/information/Chinese/Horse/Horse.aspx?HorseId=HK_2022_H163,114000,40
/racing/information/Chinese/Horse/Horse.aspx?HorseId=HK_2020_E459,6725025,70
/racing/information/Chinese/Horse/Horse.aspx?HorseId=HK_2021_G258,9704700,103
/racing/information/Chinese/Horse/Horse.aspx?HorseId=HK_2020_E447,6473195,74
/racing/information/Chinese/Horse/Horse.aspx?HorseId=HK_2020_E440,1761850,56
/racing/information/Chinese/Horse/Horse.aspx?HorseId=HK_2021_G035,3378000,62
/racing/information/Chinese/Horse/Horse.aspx?HorseId=HK_2019_D272,6409650,68
/racing/information/Chinese/Horse/Horse.aspx?HorseId=HK_2022_H151,2000625,59
/racing/information/Chinese/Horse/Horse.aspx?HorseId=HK_2020_E300,9605430,66
/racing/information/Chinese/Horse/Horse.aspx?HorseId=HK_2020_E430,7856650,79
/racing/information/Chinese/Horse/Horse.aspx?HorseId=HK_2021_G075,8255450,86
/racing/information/Chinese/Horse/Horse.aspx?HorseId=HK_2021_G356,7101850,82
/racing/information/Chinese/Horse/Horse.aspx?HorseId=HK_2021_G110,9385700,75
/racing/information/Chinese/Horse/Horse.aspx?HorseId=HK_2018_C462,15544550,86
/racing/information/Chinese/Horse/Horse.aspx?HorseId=HK_2019_D482,15216100,95
/racing/information/Chinese/Horse/Horse.aspx?HorseId=HK_2021_G082,7402500,99
/racing/information/Chinese/Horse/Horse.aspx?HorseId=HK_2018_C461,10431470,82
/racing/information/Chinese/Horse/Horse.aspx?HorseId=HK_2021_G134,8580900,80
/racing/information/Chinese/Horse/Horse.aspx?HorseId=HK_2020_E120,8911150,85
/racing/information/Chinese/Horse/Horse.aspx?HorseId=HK_2019_D029,9151000,77
/racing/information/Chinese/Horse/Horse.aspx?HorseId=HK_2020_E053,8547750,65
/racing/information/Chinese/Horse/Horse.aspx?HorseId=HK_2021_G250,1835625,27
/racing/information/Chinese/Horse/Horse.aspx?HorseId=HK_2021_G477,2705850,46
/racing/information/Chinese/Horse/Horse.aspx?HorseId=HK_2018_C534,3368305,26
/racing/information/Chinese/Horse/Horse.aspx?HorseId=HK_2019_D281,2636945,25
/racing/information/Chinese/Horse/Horse.aspx?HorseId=HK_2021_G164,0,18
/racing/information/Chinese/Horse/Horse.aspx?HorseId=HK_2021_G415,405300,16
/racing/information/Chinese/Horse/Horse.aspx?HorseId=HK_2016_A247,4722020,23
/racing/information/Chinese/Horse/Horse.aspx?HorseId=HK_2016_A164,6264510,30
/racing/information/Chinese/Horse/Horse.aspx?HorseId=HK_2022_H248,568750,26
/racing/information/Chinese/Horse/Horse.aspx?HorseId=HK_2021_G175,35000,10
/racing/information/Chinese/Horse/Horse.aspx?HorseId=HK_2021_G280,0,14
/racing/information/Chinese/Horse/Horse.aspx?HorseId=HK_2022_H030,392175,19
/racing/information/Chinese/Horse/Horse.aspx?HorseId=HK_2021_G037,1880750,51
/racing/information/Chinese/Horse/Horse.aspx?HorseId=HK_2020_G001,3346000,54
/racing/information/Chinese/Horse/Horse.aspx?HorseId=HK_2020_E139,1140870,37
/racing/information/Chinese/Horse/Horse.aspx?HorseId=HK_2020_E487,1756625,27
/racing/information/Chinese/Horse/Horse.aspx?HorseId=HK_2020_E197,3897800,58
/racing/information/Chinese/Horse/Horse.aspx?HorseId=HK_2019_D273,8232950,73
/racing/information/Chinese/Horse/Horse.aspx?HorseId=HK_2022_H165,5461950,77
/racing/information/Chinese/Horse/Horse.aspx?HorseId=HK_2022_H075,4409700,70
/racing/information/Chinese/Horse/Horse.aspx?HorseId=HK_2021_G138,3947250,64
/racing/information/Chinese/Horse/Horse.aspx?HorseId=HK_2022_H230,2645100,61
/racing/information/Chinese/Horse/Horse.aspx?HorseId=HK_2021_G230,2128575,54
/racing/information/Chinese/Horse/Horse.aspx?HorseId=HK_2019_D513,4142550,40
/racing/information/Chinese/Horse/Horse.aspx?HorseId=HK_2020_E176,1475550,46
/racing/information/Chinese/Horse/Horse.aspx?HorseId=HK_2021_G427,660825,38
/racing/information/Chinese/Horse/Horse.aspx?HorseId=HK_2019_D311,2347950,32
/racing/information/Chinese/Horse/Horse.aspx?HorseId=HK_2022_H023,0,32
/racing/information/Chinese/Horse/Horse.aspx?HorseId=HK_2021_G389,965250,36
/racing/information/Chinese/Horse/Horse.aspx?HorseId=HK_2020_E435,4057435,60
/racing/information/Chinese/Horse/Horse.aspx?HorseId=HK_2022_H082,3646725,60
/racing/information/Chinese/Horse/Horse.aspx?HorseId=HK_2022_H226,409500,42
/racing/information/Chinese/Horse/Horse.aspx?HorseId=HK_2021_G259,2797725,59
/racing/information/Chinese/Horse/Horse.aspx?HorseId=HK_2021_G166,5908550,72
/racing/information/Chinese/Horse/Horse.aspx?HorseId=HK_2020_E184,4573200,66
/racing/information/Chinese/Horse/Horse.aspx?HorseId=HK_2022_H343,842400,48
/racing/information/Chinese/Horse/Horse.aspx?HorseId=HK_2022_H131,64800,42
/racing/information/Chinese/Horse/Horse.aspx?HorseId=HK_2021_G411,0,23
/racing/information/Chinese/Horse/Horse.aspx?HorseId=HK_2022_H146,697050,48
/racing/information/Chinese/Horse/Horse.aspx?HorseId=HK_2021_G247,2289650,48
/racing/information/Chinese/Horse/Horse.aspx?HorseId=HK_2022_H081,6128650,81
/racing/information/Chinese/Horse/Horse.aspx?HorseId=HK_2021_G458,2257050,49
/racing/information/Chinese/Horse/Horse.aspx?HorseId=HK_2022_H084,2091885,57
/racing/information/Chinese/Horse/Horse.aspx?HorseId=HK_2022_H209,37800,36
/racing/information/Chinese/Horse/Horse.aspx?HorseId=HK_2021_G109,1622975,35
/racing/information/Chinese/Horse/Horse.aspx?HorseId=HK_2018_C477,2459250,49
/racing/information/Chinese/Horse/Horse.aspx?HorseId=HK_2022_H339,723400,37
/racing/information/Chinese/Horse/Horse.aspx?HorseId=HK_2020_E266,3263750,51
/racing/information/Chinese/Horse/Horse.aspx?HorseId=HK_2021_G204,4578325,60
/racing/information/Chinese/Horse/Horse.aspx?HorseId=HK_2021_G455,8482825,87
/racing/information/Chinese/Horse/Horse.aspx?HorseId=HK_2022_H056,2164200,60
/racing/information/Chinese/Horse/Horse.aspx?HorseId=HK_2022_H303,8103220,94
/racing/information/Chinese/Horse/Horse.aspx?HorseId=HK_2022_H055,2880075,42
/racing/information/Chinese/Horse/Horse.aspx?HorseId=HK_2022_H037,4870650,69
/racing/information/Chinese/Horse/Horse.aspx?HorseId=HK_2020_E178,6751175,73
/racing/information/Chinese/Horse/Horse.aspx?HorseId=HK_2022_H044,2962800,62
/racing/information/Chinese/Horse/Horse.aspx?HorseId=HK_2021_G120,4680300,57
/racing/information/Chinese/Horse/Horse.aspx?HorseId=HK_2020_E364,3831500,68
/racing/information/Chinese/Horse/Horse.aspx?HorseId=HK_2019_D505,7235900,63
/racing/information/Chinese/Horse/Horse.aspx?HorseId=HK_2019_D234,6102100,76
/racing/information/Chinese/Horse/Horse.aspx?HorseId=HK_2020_E091,3965725,56
/racing/information/Chinese/Horse/Horse.aspx?HorseId=HK_2020_E444,5590138,56
/racing/information/Chinese/Horse/Horse.aspx?HorseId=HK_2022_H359,292500,53
/racing/information/Chinese/Horse/Horse.aspx?HorseId=HK_2019_D359,6414530,47
/racing/information/Chinese/Horse/Horse.aspx?HorseId=HK_2020_E025,2570575,34
/racing/information/Chinese/Horse/Horse.aspx?HorseId=HK_2021_G279,1475150,32
/racing/information/Chinese/Horse/Horse.aspx?HorseId=HK_2020_E166,3153125,31
/racing/information/Chinese/Horse/Horse.aspx?HorseId=HK_2021_G232,994550,16
/racing/information/Chinese/Horse/Horse.aspx?HorseId=HK_2019_D070,4603700,25
/racing/information/Chinese/Horse/Horse.aspx?HorseId=HK_2021_G083,1562775,41
/racing/information/Chinese/Horse/Horse.aspx?HorseId=HK_2020_E495,2902625,46
/racing/information/Chinese/Horse/Horse.aspx?HorseId=HK_2020_E303,1031300,33
/racing/information/Chinese/Horse/Horse.aspx?HorseId=HK_2021_G243,0,14
/racing/information/Chinese/Horse/Horse.aspx?HorseId=HK_2019_D472,2172000,27
/racing/information/Chinese/Horse/Horse.aspx?HorseId=HK_2020_E211,1700400,18
/racing/information/Chinese/Horse/Horse.aspx?HorseId=HK_2020_E255,1614700,26
/racing/information/Chinese/Horse/Horse.aspx?HorseId=HK_2019_D231,1556900,25
/racing/information/Chinese/Horse/Horse.aspx?HorseId=HK_2020_E061,11562775,87
/racing/information/Chinese/Horse/Horse.aspx?HorseId=HK_2022_H396,3699450,68
/racing/information/Chinese/Horse/Horse.aspx?HorseId=HK_2022_H456,3410700,75
/racing/information/Chinese/Horse/Horse.aspx?HorseId=HK_2021_G098,2134590,48
/racing/information/Chinese/Horse/Horse.aspx?HorseId=HK_2022_H206,1234250,47
/racing/information/Chinese/Horse/Horse.aspx?HorseId=HK_2019_D419,3817650,46
/racing/information/Chinese/Horse/Horse.aspx?HorseId=HK_2022_H101,17500,26
/racing/information/Chinese/Horse/Horse.aspx?HorseId=HK_2021_G364,1516500,48
/racing/information/Chinese/Horse/Horse.aspx?HorseId=HK_2022_H158,0,42
/racing/information/Chinese/Horse/Horse.aspx?HorseId=HK_2021_G372,973775,27
/racing/information/Chinese/Horse/Horse.aspx?HorseId=HK_2022_H310,0,30
/racing/information/Chinese/Horse/Horse.aspx?HorseId=HK_2022_H241,2499975,67
/racing/information/Chinese/Horse/Horse.aspx?HorseId=HK_2022_H153,1055400,56
/racing/information/Chinese/Horse/Horse.aspx?HorseId=HK_2019_D222,6256255,52
/racing/information/Chinese/Horse/Horse.aspx?HorseId=HK_2021_G108,959300,40
/racing/information/Chinese/Horse/Horse.aspx?HorseId=HK_2021_G181,1497400,31
/racing/information/Chinese/Horse/Horse.aspx?HorseId=HK_2020_E471,3767975,65
/racing/information/Chinese/Horse/Horse.aspx?HorseId=HK_2021_G328,2644150,59
/racing/information/Chinese/Horse/Horse.aspx?HorseId=HK_2020_E343,2369925,34
/racing/information/Chinese/Horse/Horse.aspx?HorseId=HK_2021_G283,1702350,43
/racing/information/Chinese/Horse/Horse.aspx?HorseId=HK_2022_H183,0,44
/racing/information/Chinese/Horse/Horse.aspx?HorseId=HK_2019_D409,2629900,19
/racing/information/Chinese/Horse/Horse.aspx?HorseId=HK_2021_G081,2940800,57
/racing/information/Chinese/Horse/Horse.aspx?HorseId=HK_2022_H059,3968775,65
/racing/information/Chinese/Horse/Horse.aspx?HorseId=HK_2022_H149,2823000,59
/racing/information/Chinese/Horse/Horse.aspx?HorseId=HK_2022_H185,4870200,81
/racing/information/Chinese/Horse/Horse.aspx?HorseId=HK_2021_G310,324450,45
/racing/information/Chinese/Horse/Horse.aspx?HorseId=HK_2022_H134,2398500,56
/racing/information/Chinese/Horse/Horse.aspx?HorseId=HK_2022_H197,1487700,43
/racing/information/Chinese/Horse/Horse.aspx?HorseId=HK_2022_H306,774600,44
/racing/information/Chinese/Horse/Horse.aspx?HorseId=HK_2022_H423,0,52
/racing/information/Chinese/Horse/Horse.aspx?HorseId=HK_2022_H171,4268475,66
/racing/information/Chinese/Horse/Horse.aspx?HorseId=HK_2021_G144,4622050,57
/racing/information/Chinese/Horse/Horse.aspx?HorseId=HK_2020_E351,2164370,43
/racing/information/Chinese/Horse/Horse.aspx?HorseId=HK_2019_D415,6676800,77
/racing/information/Chinese/Horse/Horse.aspx?HorseId=HK_2021_G374,3116700,50
/racing/information/Chinese/Horse/Horse.aspx?HorseId=HK_2021_G116,83125,16
/racing/information/Chinese/Horse/Horse.aspx?HorseId=HK_2020_E210,1555700,38
/racing/information/Chinese/Horse/Horse.aspx?HorseId=HK_2021_G205,228800,19
/racing/information/Chinese/Horse/Horse.aspx?HorseId=HK_2019_D274,2033400,29
/racing/information/Chinese/Horse/Horse.aspx?HorseId=HK_2021_G129,3400763,32
/racing/information/Chinese/Horse/Horse.aspx?HorseId=HK_2022_H275,17500,34
/racing/information/Chinese/Horse/Horse.aspx?HorseId=HK_2020_E151,1981725,18
/racing/information/Chinese/Horse/Horse.aspx?HorseId=HK_2020_E316,1580975,18
/racing/information/Chinese/Horse/Horse.aspx?HorseId=HK_2022_H122,3839850,74
/racing/information/Chinese/Horse/Horse.aspx?HorseId=HK_2020_E355,4284550,63
/racing/information/Chinese/Horse/Horse.aspx?HorseId=HK_2021_G071,5610750,67
/racing/information/Chinese/Horse/Horse.aspx?HorseId=HK_2022_H247,788200,39
/racing/information/Chinese/Horse/Horse.aspx?HorseId=HK_2022_H214,333450,43
/racing/information/Chinese/Horse/Horse.aspx?HorseId=HK_2022_H154,767325,38
/racing/information/Chinese/Horse/Horse.aspx?HorseId=HK_2022_H200,712750,41
/racing/information/Chinese/Horse/Horse.aspx?HorseId=HK_2020_E386,2203415,47
/racing/information/Chinese/Horse/Horse.aspx?HorseId=HK_2022_H199,715200,36
/racing/information/Chinese/Horse/Horse.aspx?HorseId=HK_2021_G264,3465600,61
/racing/information/Chinese/Horse/Horse.aspx?HorseId=HK_2020_E158,2249100,44
/racing/information/Chinese/Horse/Horse.aspx?HorseId=HK_2022_H279,0,52
/racing/information/Chinese/Horse/Horse.aspx?HorseId=HK_2020_E236,1437750,45
/racing/information/Chinese/Horse/Horse.aspx?HorseId=HK_2020_E352,1055300,44
/racing/information/Chinese/Horse/Horse.aspx?HorseId=HK_2021_G150,2901500,53
/racing/information/Chinese/Horse/Horse.aspx?HorseId=HK_2021_G125,3012260,53
/racing/information/Chinese/Horse/Horse.aspx?HorseId=HK_2021_G436,1076900,53
/racing/information/Chinese/Horse/Horse.aspx?HorseId=HK_2022_H188,6667840,82
/racing/information/Chinese/Horse/Horse.aspx?HorseId=HK_2021_G030,2566850,45
/racing/information/Chinese/Horse/Horse.aspx?HorseId=HK_2021_G304,1490590,29
/racing/information/Chinese/Horse/Horse.aspx?HorseId=HK_2021_G432,0,51
/racing/information/Chinese/Horse/Horse.aspx?HorseId=HK_2022_H040,0,16
/racing/information/Chinese/Horse/Horse.aspx?HorseId=HK_2021_G165,5952700,73
/racing/information/Chinese/Horse/Horse.aspx?HorseId=HK_2022_H341,980700,53
/racing/information/Chinese/Horse/Horse.aspx?HorseId=HK_2020_E346,3394300,67
/racing/information/Chinese/Horse/Horse.aspx?HorseId=HK_2021_G292,3555475,62
/racing/information/Chinese/Horse/Horse.aspx?HorseId=HK_2022_H395,251100,60
/racing/information/Chinese/Horse/Horse.aspx?HorseId=HK_2021_G396,2778000,65
/racing/information/Chinese/Horse/Horse.aspx?HorseId=HK_2020_E467,7763200,65
/racing/information/Chinese/Horse/Horse.aspx?HorseId=HK_2022_H300,725400,68
/racing/information/Chinese/Horse/Horse.aspx?HorseId=HK_2021_G352,1908625,41
/racing/information/Chinese/Horse/Horse.aspx?HorseId=HK_2021_G255,464275,25
/racing/information/Chinese/Horse/Horse.aspx?HorseId=HK_2021_G174,17500,13
/racing/information/Chinese/Horse/Horse.aspx?HorseId=HK_2022_H208,3376500,65
/racing/information/Chinese/Horse/Horse.aspx?HorseId=HK_2022_H172,117000,43
/racing/information/Chinese/Horse/Horse.aspx?HorseId=HK_2022_H224,1849900,49
/racing/information/Chinese/Horse/Horse.aspx?HorseId=HK_2022_H307,0,45
/racing/information/Chinese/Horse/Horse.aspx?HorseId=HK_2022_H348,245700,45
/racing/information/Chinese/Horse/Horse.aspx?HorseId=HK_2021_G244,4081700,56
/racing/information/Chinese/Horse/Horse.aspx?HorseId=HK_2022_H382,514800,51
/racing/information/Chinese/Horse/Horse.aspx?HorseId=HK_2022_H102,35000,28
/racing/information/Chinese/Horse/Horse.aspx?HorseId=HK_2022_H384,877500,47
/racing/information/Chinese/Horse/Horse.aspx?HorseId=HK_2021_G117,548150,19
/racing/information/Chinese/Horse/Horse.aspx?HorseId=HK_2022_H083,1159375,36
/racing/information/Chinese/Horse/Horse.aspx?HorseId=HK_2022_H182,0,31
/racing/information/Chinese/Horse/Horse.aspx?HorseId=HK_2022_H228,1977300,60
/racing/information/Chinese/Horse/Horse.aspx?HorseId=HK_2018_C531,5216070,42
/racing/information/Chinese/Horse/Horse.aspx?HorseId=HK_2020_E488,2441150,40
/racing/information/Chinese/Horse/Horse.aspx?HorseId=HK_2022_H180,843350,44
/racing/information/Chinese/Horse/Horse.aspx?HorseId=HK_2021_G172,1596850,44
/racing/information/Chinese/Horse/Horse.aspx?HorseId=HK_2021_G466,5229290,74
/racing/information/Chinese/Horse/Horse.aspx?HorseId=HK_2021_G277,2514550,50
/racing/information/Chinese/Horse/Horse.aspx?HorseId=HK_2021_G410,911050,49
/racing/information/Chinese/Horse/Horse.aspx?HorseId=HK_2022_H261,262675,19
/racing/information/Chinese/Horse/Horse.aspx?HorseId=HK_2022_H304,52500,34
/racing/information/Chinese/Horse/Horse.aspx?HorseId=HK_2022_H111,789250,65
/racing/information/Chinese/Horse/Horse.aspx?HorseId=HK_2021_G476,6245300,75
/racing/information/Chinese/Horse/Horse.aspx?HorseId=HK_2020_E306,9596850,92
/racing/information/Chinese/Horse/Horse.aspx?HorseId=HK_2022_H254,839700,61
/racing/information/Chinese/Horse/Horse.aspx?HorseId=HK_2022_H138,3540500,70
/racing/information/Chinese/Horse/Horse.aspx?HorseId=HK_2020_E273,5731450,59
/racing/information/Chinese/Horse/Horse.aspx?HorseId=HK_2019_D278,10067675,65
/racing/information/Chinese/Horse/Horse.aspx?HorseId=HK_2022_H262,5359500,79
/racing/information/Chinese/Horse/Horse.aspx?HorseId=HK_2021_G192,4967350,66
/racing/information/Chinese/Horse/Horse.aspx?HorseId=HK_2022_H060,3584550,78
/racing/information/Chinese/Horse/Horse.aspx?HorseId=HK_2022_H264,1934400,68
/racing/information/Chinese/Horse/Horse.aspx?HorseId=HK_2022_H331,65100,58
/racing/information/Chinese/Horse/Horse.aspx?HorseId=HK_2021_G265,8320125,99
/racing/information/Chinese/Horse/Horse.aspx?HorseId=HK_2021_G003,2085000,50
/racing/information/Chinese/Horse/Horse.aspx?HorseId=HK_2021_G261,1692975,53
/racing/information/Chinese/Horse/Horse.aspx?HorseId=HK_2022_H050,267375,57
/racing/information/Chinese/Horse/Horse.aspx?HorseId=HK_2022_H419,23400,48
/racing/information/Chinese/Horse/Horse.aspx?HorseId=HK_2022_H401,193800,50
/racing/information/Chinese/Horse/Horse.aspx?HorseId=HK_2021_G469,3843850,69
/racing/information/Chinese/Horse/Horse.aspx?HorseId=HK_2022_H132,0,32
/racing/information/Chinese/Horse/Horse.aspx?HorseId=HK_2021_G233,888300,21
/racing/information/Chinese/Horse/Horse.aspx?HorseId=HK_2021_G301,1683100,33
/racing/information/Chinese/Horse/Horse.aspx?HorseId=HK_2021_G072,1444300,26
/racing/information/Chinese/Horse/Horse.aspx?HorseId=HK_2021_G322,2079900,41
/racing/information/Chinese/Horse/Horse.aspx?HorseId=HK_2020_E448,1137500,32
/racing/information/Chinese/Horse/Horse.aspx?HorseId=HK_2022_H285,905625,20
/racing/information/Chinese/Horse/Horse.aspx?HorseId=HK_2022_H169,37200,55
/racing/information/Chinese/Horse/Horse.aspx?HorseId=HK_2022_H443,269100,37
/racing/information/Chinese/Horse/Horse.aspx?HorseId=HK_2022_H259,2273350,54
/racing/information/Chinese/Horse/Horse.aspx?HorseId=HK_2018_C476,5408455,42
/racing/information/Chinese/Horse/Horse.aspx?HorseId=HK_2021_G198,1503450,50
/racing/information/Chinese/Horse/Horse.aspx?HorseId=HK_2022_H295,231275,35
/racing/information/Chinese/Horse/Horse.aspx?HorseId=HK_2022_H066,2410200,53
/racing/information/Chinese/Horse/Horse.aspx?HorseId=HK_2022_H072,2451150,61
/racing/information/Chinese/Horse/Horse.aspx?HorseId=HK_2020_E065,2993040,50
/racing/information/Chinese/Horse/Horse.aspx?HorseId=HK_2020_E310,2432675,34
/racing/information/Chinese/Horse/Horse.aspx?HorseId=HK_2022_H029,263200,35
/racing/information/Chinese/Horse/Horse.aspx?HorseId=HK_2022_H121,1253075,40
/racing/information/Chinese/Horse/Horse.aspx?HorseId=HK_2021_G088,3361650,56
/racing/information/Chinese/Horse/Horse.aspx?HorseId=HK_2022_H422,0,45
/racing/information/Chinese/Horse/Horse.aspx?HorseId=HK_2022_H314,170625,25
/racing/information/Chinese/Horse/Horse.aspx?HorseId=HK_2021_G464,0,35
/racing/information/Chinese/Horse/Horse.aspx?HorseId=HK_2021_G308,1719450,56
/racing/information/Chinese/Horse/Horse.aspx?HorseId=HK_2022_H242,1462500,53
/racing/information/Chinese/Horse/Horse.aspx?HorseId=HK_2021_G422,593500,25
/racing/information/Chinese/Horse/Horse.aspx?HorseId=HK_2022_H068,1216775,43
/racing/information/Chinese/Horse/Horse.aspx?HorseId=HK_2022_H113,9377150,91
/racing/information/Chinese/Horse/Horse.aspx?HorseId=HK_2022_H429,3792500,77
/racing/information/Chinese/Horse/Horse.aspx?HorseId=HK_2022_H124,2768125,65
/racing/information/Chinese/Horse/Horse.aspx?HorseId=HK_2022_H167,6279675,90
/racing/information/Chinese/Horse/Horse.aspx?HorseId=HK_2022_H356,282720,66
/racing/information/Chinese/Horse/Horse.aspx?HorseId=HK_2020_E294,6291025,51
/racing/information/Chinese/Horse/Horse.aspx?HorseId=HK_2022_H390,0,54
/racing/information/Chinese/Horse/Horse.aspx?HorseId=HK_2021_G384,859075,32
/racing/information/Chinese/Horse/Horse.aspx?HorseId=HK_2020_E156,558250,25
/racing/information/Chinese/Horse/Horse.aspx?HorseId=HK_2021_G443,148750,17
/racing/information/Chinese/Horse/Horse.aspx?HorseId=HK_2021_G105,0,18
/racing/information/Chinese/Horse/Horse.aspx?HorseId=HK_2021_G316,0,19
/racing/information/Chinese/Horse/Horse.aspx?HorseId=HK_2019_D500,1673700,35
/racing/information/Chinese/Horse/Horse.aspx?HorseId=HK_2020_E323,3454950,53
/racing/information/Chinese/Horse/Horse.aspx?HorseId=HK_2022_H173,46800,29
/racing/information/Chinese/Horse/Horse.aspx?HorseId=HK_2019_D258,3830410,41
/racing/information/Chinese/Horse/Horse.aspx?HorseId=HK_2021_G252,2505200,49
/racing/information/Chinese/Horse/Horse.aspx?HorseId=HK_2022_H108,1563750,44
/racing/information/Chinese/Horse/Horse.aspx?HorseId=HK_2022_H177,1589525,48
/racing/information/Chinese/Horse/Horse.aspx?HorseId=HK_2020_E270,1917375,25
/racing/information/Chinese/Horse/Horse.aspx?HorseId=HK_2021_G456,1403640,49
/racing/information/Chinese/Horse/Horse.aspx?HorseId=HK_2020_E418,3062550,60
/racing/information/Chinese/Horse/Horse.aspx?HorseId=HK_2022_H371,93450,35
/racing/information/Chinese/Horse/Horse.aspx?HorseId=HK_2022_H428,70200,41
/racing/information/Chinese/Horse/Horse.aspx?HorseId=HK_2022_H321,1807650,56
/racing/information/Chinese/Horse/Horse.aspx?HorseId=HK_2022_H027,2258100,50
/racing/information/Chinese/Horse/Horse.aspx?HorseId=HK_2021_G354,1829575,47
/racing/information/Chinese/Horse/Horse.aspx?HorseId=HK_2022_H434,100625,36
/racing/information/Chinese/Horse/Horse.aspx?HorseId=HK_2021_H018,1034550,41
/racing/information/Chinese/Horse/Horse.aspx?HorseId=HK_2021_G211,2516400,51
/racing/information/Chinese/Horse/Horse.aspx?HorseId=HK_2022_H437,509075,39
/racing/information/Chinese/Horse/Horse.aspx?HorseId=HK_2022_H263,0,60
/racing/information/Chinese/Horse/Horse.aspx?HorseId=HK_2022_H166,4443600,65
/racing/information/Chinese/Horse/Horse.aspx?HorseId=HK_2022_H135,3156200,65
/racing/information/Chinese/Horse/Horse.aspx?HorseId=HK_2021_G426,7575450,80
/racing/information/Chinese/Horse/Horse.aspx?HorseId=HK_2022_H123,2638825,60
/racing/information/Chinese/Horse/Horse.aspx?HorseId=HK_2021_G130,6154675,60
/racing/information/Chinese/Horse/Horse.aspx?HorseId=HK_2020_E422,3015400,59
/racing/information/Chinese/Horse/Horse.aspx?HorseId=HK_2021_G139,4273100,50
/racing/information/Chinese/Horse/Horse.aspx?HorseId=HK_2022_H358,54025,37
/racing/information/Chinese/Horse/Horse.aspx?HorseId=HK_2022_H329,1278900,54
/racing/information/Chinese/Horse/Horse.aspx?HorseId=HK_2021_G213,10638900,96
/racing/information/Chinese/Horse/Horse.aspx?HorseId=HK_2022_H069,3612450,67
/racing/information/Chinese/Horse/Horse.aspx?HorseId=HK_2019_D049,10256820,86
/racing/information/Chinese/Horse/Horse.aspx?HorseId=HK_2021_G467,8187475,79
/racing/information/Chinese/Horse/Horse.aspx?HorseId=HK_2020_E203,8083100,89
/racing/information/Chinese/Horse/Horse.aspx?HorseId=HK_2020_E301,6093675,72
/racing/information/Chinese/Horse/Horse.aspx?HorseId=HK_2019_D476,11662000,77
/racing/information/Chinese/Horse/Horse.aspx?HorseId=HK_2021_G061,7291850,71
/racing/information/Chinese/Horse/Horse.aspx?HorseId=HK_2021_G235,7246900,60
/racing/information/Chinese/Horse/Horse.aspx?HorseId=HK_2019_D334,10889603,89
/racing/information/Chinese/Horse/Horse.aspx?HorseId=HK_2022_H364,1392300,50
/racing/information/Chinese/Horse/Horse.aspx?HorseId=HK_2022_H412,3777600,76
/racing/information/Chinese/Horse/Horse.aspx?HorseId=HK_2023_J007,4416750,84
/racing/information/Chinese/Horse/Horse.aspx?HorseId=HK_2022_H466,766350,56
/racing/information/Chinese/Horse/Horse.aspx?HorseId=HK_2022_H438,965250,56
/racing/information/Chinese/Horse/Horse.aspx?HorseId=HK_2022_H444,900900,53
/racing/information/Chinese/Horse/Horse.aspx?HorseId=HK_2022_H465,490000,40
/racing/information/Chinese/Horse/Horse.aspx?HorseId=HK_2022_H119,288750,24
/racing/information/Chinese/Horse/Horse.aspx?HorseId=HK_2022_H365,0,34
/racing/information/Chinese/Horse/Horse.aspx?HorseId=HK_2022_H436,298350,41
/racing/information/Chinese/Horse/Horse.aspx?HorseId=HK_2022_H370,0,44
/racing/information/Chinese/Horse/Horse.aspx?HorseId=HK_2022_H152,0,39
/racing/information/Chinese/Horse/Horse.aspx?HorseId=HK_2022_H369,2467650,64
/racing/information/Chinese/Horse/Horse.aspx?HorseId=HK_2021_G123,7210625,67
/racing/information/Chinese/Horse/Horse.aspx?HorseId=HK_2021_G412,2978250,51
/racing/information/Chinese/Horse/Horse.aspx?HorseId=HK_2021_G095,5123800,63
/racing/information/Chinese/Horse/Horse.aspx?HorseId=HK_2023_J017,0,60
/racing/information/Chinese/Horse/Horse.aspx?HorseId=HK_2022_H198,2923800,68
/racing/information/Chinese/Horse/Horse.aspx?HorseId=HK_2021_G450,1711425,66
/racing/information/Chinese/Horse/Horse.aspx?HorseId=HK_2019_D157,4763620,46
/racing/information/Chinese/Horse/Horse.aspx?HorseId=HK_2022_H022,2610125,45
/racing/information/Chinese/Horse/Horse.aspx?HorseId=HK_2022_H032,214375,33
/racing/information/Chinese/Horse/Horse.aspx?HorseId=HK_2019_D235,2773715,20
/racing/information/Chinese/Horse/Horse.aspx?HorseId=HK_2021_G256,398900,35
/racing/information/Chinese/Horse/Horse.aspx?HorseId=HK_2021_G439,0,21
/racing/information/Chinese/Horse/Horse.aspx?HorseId=HK_2018_C201,4454865,68
/racing/information/Chinese/Horse/Horse.aspx?HorseId=HK_2020_E221,4061675,66
/racing/information/Chinese/Horse/Horse.aspx?HorseId=HK_2020_E114,7121275,71
/racing/information/Chinese/Horse/Horse.aspx?HorseId=HK_2019_D387,8848250,59
/racing/information/Chinese/Horse/Horse.aspx?HorseId=HK_2022_H470,223050,48
/racing/information/Chinese/Horse/Horse.aspx?HorseId=HK_2022_H457,46800,49
/racing/information/Chinese/Horse/Horse.aspx?HorseId=HK_2021_G029,3631000,46
/racing/information/Chinese/Horse/Horse.aspx?HorseId=HK_2021_G229,3216150,54
/racing/information/Chinese/Horse/Horse.aspx?HorseId=HK_2021_G133,2845350,49
/racing/information/Chinese/Horse/Horse.aspx?HorseId=HK_2021_G058,1089350,44
/racing/information/Chinese/Horse/Horse.aspx?HorseId=HK_2017_B370,6881150,37
/racing/information/Chinese/Horse/Horse.aspx?HorseId=HK_2021_G391,0,42
/racing/information/Chinese/Horse/Horse.aspx?HorseId=HK_2020_E449,4857400,60
/racing/information/Chinese/Horse/Horse.aspx?HorseId=HK_2022_H160,40900,34
/racing/information/Chinese/Horse/Horse.aspx?HorseId=HK_2019_D241,3871550,46
/racing/information/Chinese/Horse/Horse.aspx?HorseId=HK_2020_E279,9613575,75
/racing/information/Chinese/Horse/Horse.aspx?HorseId=HK_2022_H420,235750,67
/racing/information/Chinese/Horse/Horse.aspx?HorseId=HK_2021_G225,3696000,58
/racing/information/Chinese/Horse/Horse.aspx?HorseId=HK_2022_H380,3680700,80
/racing/information/Chinese/Horse/Horse.aspx?HorseId=HK_2020_E413,3869500,50
/racing/information/Chinese/Horse/Horse.aspx?HorseId=HK_2019_D198,5080150,48
/racing/information/Chinese/Horse/Horse.aspx?HorseId=HK_2018_C037,8835880,38
/racing/information/Chinese/Horse/Horse.aspx?HorseId=HK_2020_E245,3515250,55
/racing/information/Chinese/Horse/Horse.aspx?HorseId=HK_2022_H332,175450,37
/racing/information/Chinese/Horse/Horse.aspx?HorseId=HK_2022_H342,64400,37
/racing/information/Chinese/Horse/Horse.aspx?HorseId=HK_2018_C441,8626405,76
/racing/information/Chinese/Horse/Horse.aspx?HorseId=HK_2018_C483,6769435,50
/racing/information/Chinese/Horse/Horse.aspx?HorseId=HK_2020_E157,3608800,42
/racing/information/Chinese/Horse/Horse.aspx?HorseId=HK_2021_G128,3151500,51
/racing/information/Chinese/Horse/Horse.aspx?HorseId=HK_2022_H315,175950,35
/racing/information/Chinese/Horse/Horse.aspx?HorseId=HK_2021_G395,1479325,37
/racing/information/Chinese/Horse/Horse.aspx?HorseId=HK_2022_H388,1766700,60
/racing/information/Chinese/Horse/Horse.aspx?HorseId=HK_2021_G220,876975,37
/racing/information/Chinese/Horse/Horse.aspx?HorseId=HK_2021_G437,417275,30
/racing/information/Chinese/Horse/Horse.aspx?HorseId=HK_2022_H324,2928350,72
/racing/information/Chinese/Horse/Horse.aspx?HorseId=HK_2022_H196,876525,36
/racing/information/Chinese/Horse/Horse.aspx?HorseId=HK_2022_H115,19171725,116
/racing/information/Chinese/Horse/Horse.aspx?HorseId=HK_2021_G365,5564225,85
/racing/information/Chinese/Horse/Horse.aspx?HorseId=HK_2021_G173,10571525,95
/racing/information/Chinese/Horse/Horse.aspx?HorseId=HK_2021_G076,13276100,100
/racing/information/Chinese/Horse/Horse.aspx?HorseId=HK_2020_E379,15064500,97
/racing/information/Chinese/Horse/Horse.aspx?HorseId=HK_2021_G345,18661250,106
/racing/information/Chinese/Horse/Horse.aspx?HorseId=HK_2022_H110,4990675,73
/racing/information/Chinese/Horse/Horse.aspx?HorseId=HK_2022_H354,1058850,42
/racing/information/Chinese/Horse/Horse.aspx?HorseId=HK_2022_H376,1152450,50
/racing/information/Chinese/Horse/Horse.aspx?HorseId=HK_2020_E194,1553900,35
/racing/information/Chinese/Horse/Horse.aspx?HorseId=HK_2022_H195,1051925,39
/racing/information/Chinese/Horse/Horse.aspx?HorseId=HK_2019_D381,3923200,56
/racing/information/Chinese/Horse/Horse.aspx?HorseId=HK_2022_H296,1730750,58
/racing/information/Chinese/Horse/Horse.aspx?HorseId=HK_2022_H233,2453950,58
/racing/information/Chinese/Horse/Horse.aspx?HorseId=HK_2020_E168,3425850,57
/racing/information/Chinese/Horse/Horse.aspx?HorseId=HK_2021_G445,0,47
/racing/information/Chinese/Horse/Horse.aspx?HorseId=HK_2022_H087,1812100,51
/racing/information/Chinese/Horse/Horse.aspx?HorseId=HK_2022_H294,8841600,91
/racing/information/Chinese/Horse/Horse.aspx?HorseId=HK_2022_H127,3219525,68
/racing/information/Chinese/Horse/Horse.aspx?HorseId=HK_2022_H397,102300,47
/racing/information/Chinese/Horse/Horse.aspx?HorseId=HK_2022_H454,279150,44
/racing/information/Chinese/Horse/Horse.aspx?HorseId=HK_2020_E253,6952100,70
/racing/information/Chinese/Horse/Horse.aspx?HorseId=HK_2021_G065,6736950,59
/racing/information/Chinese/Horse/Horse.aspx?HorseId=HK_2019_D362,3935850,46
/racing/information/Chinese/Horse/Horse.aspx?HorseId=HK_2021_G368,551400,68
/racing/information/Chinese/Horse/Horse.aspx?HorseId=HK_2022_H366,1629600,53
/racing/information/Chinese/Horse/Horse.aspx?HorseId=HK_2021_G063,2510850,49
/racing/information/Chinese/Horse/Horse.aspx?HorseId=HK_2019_D287,3004900,33
/racing/information/Chinese/Horse/Horse.aspx?HorseId=HK_2018_C102,5792205,25
/racing/information/Chinese/Horse/Horse.aspx?HorseId=HK_2022_H150,2691975,61
/racing/information/Chinese/Horse/Horse.aspx?HorseId=HK_2022_H229,1689750,53
/racing/information/Chinese/Horse/Horse.aspx?HorseId=HK_2020_E322,5260900,51
/racing/information/Chinese/Horse/Horse.aspx?HorseId=HK_2022_H346,3494900,76
/racing/information/Chinese/Horse/Horse.aspx?HorseId=HK_2022_H293,719550,52
/racing/information/Chinese/Horse/Horse.aspx?HorseId=HK_2021_G143,829800,42
/racing/information/Chinese/Horse/Horse.aspx?HorseId=HK_2020_E144,3690200,48
/racing/information/Chinese/Horse/Horse.aspx?HorseId=HK_2022_H126,3088950,66
/racing/information/Chinese/Horse/Horse.aspx?HorseId=HK_2022_H204,0,52
/racing/information/Chinese/Horse/Horse.aspx?HorseId=HK_2022_H235,1759050,49
/racing/information/Chinese/Horse/Horse.aspx?HorseId=HK_2021_H012,2884650,63
/racing/information/Chinese/Horse/Horse.aspx?HorseId=HK_2022_H351,315900,49
/racing/information/Chinese/Horse/Horse.aspx?HorseId=HK_2023_J067,0,31
/racing/information/Chinese/Horse/Horse.aspx?HorseId=HK_2022_H203,3469500,64
/racing/information/Chinese/Horse/Horse.aspx?HorseId=HK_2022_H065,930150,44
/racing/information/Chinese/Horse/Horse.aspx?HorseId=HK_2022_H292,87750,34
/racing/information/Chinese/Horse/Horse.aspx?HorseId=HK_2023_J004,473850,43
/racing/information/Chinese/Horse/Horse.aspx?HorseId=HK_2023_J016,696150,56
/racing/information/Chinese/Horse/Horse.aspx?HorseId=HK_2022_H145,0,30
/racing/information/Chinese/Horse/Horse.aspx?HorseId=HK_2020_E230,8131700,90
/racing/information/Chinese/Horse/Horse.aspx?HorseId=HK_2022_H215,13338575,94
/racing/information/Chinese/Horse/Horse.aspx?HorseId=HK_2022_H164,13462500,111
/racing/information/Chinese/Horse/Horse.aspx?HorseId=HK_2021_G306,9236000,85
/racing/information/Chinese/Horse/Horse.aspx?HorseId=HK_2022_H265,3741025,79
/racing/information/Chinese/Horse/Horse.aspx?HorseId=HK_2020_E193,7047300,82
/racing/information/Chinese/Horse/Horse.aspx?HorseId=HK_2019_D047,7030610,75
/racing/information/Chinese/Horse/Horse.aspx?HorseId=HK_2020_E218,9466050,83
/racing/information/Chinese/Horse/Horse.aspx?HorseId=HK_2020_E126,2993625,71
/racing/information/Chinese/Horse/Horse.aspx?HorseId=HK_2021_G392,4863100,82
/racing/information/Chinese/Horse/Horse.aspx?HorseId=HK_2019_D075,5612635,40
/racing/information/Chinese/Horse/Horse.aspx?HorseId=HK_2019_D087,4372050,32
/racing/information/Chinese/Horse/Horse.aspx?HorseId=HK_2021_G015,938550,34
/racing/information/Chinese/Horse/Horse.aspx?HorseId=HK_2019_D491,946000,8
/racing/information/Chinese/Horse/Horse.aspx?HorseId=HK_2019_D038,3895070,36
/racing/information/Chinese/Horse/Horse.aspx?HorseId=HK_2021_H016,1158550,32
/racing/information/Chinese/Horse/Horse.aspx?HorseId=HK_2019_D371,2067300,20
/racing/information/Chinese/Horse/Horse.aspx?HorseId=HK_2020_E107,4035550,55
/racing/information/Chinese/Horse/Horse.aspx?HorseId=HK_2021_G251,1326100,34
/racing/information/Chinese/Horse/Horse.aspx?HorseId=HK_2021_G168,303225,27
/racing/information/Chinese/Horse/Horse.aspx?HorseId=HK_2022_H312,152100,43
/racing/information/Chinese/Horse/Horse.aspx?HorseId=HK_2020_E175,5585815,68
/racing/information/Chinese/Horse/Horse.aspx?HorseId=HK_2019_D186,3587450,43
/racing/information/Chinese/Horse/Horse.aspx?HorseId=HK_2023_J014,0,52
/racing/information/Chinese/Horse/Horse.aspx?HorseId=HK_2021_G020,2082050,48
/racing/information/Chinese/Horse/Horse.aspx?HorseId=HK_2019_D267,2505400,41
/racing/information/Chinese/Horse/Horse.aspx?HorseId=HK_2020_E400,2938475,34
/racing/information/Chinese/Horse/Horse.aspx?HorseId=HK_2021_G313,242550,39
/racing/information/Chinese/Horse/Horse.aspx?HorseId=HK_2022_H430,713700,46
/racing/information/Chinese/Horse/Horse.aspx?HorseId=HK_2021_G266,4221850,60
/racing/information/Chinese/Horse/Horse.aspx?HorseId=HK_2022_H449,0,46
/racing/information/Chinese/Horse/Horse.aspx?HorseId=HK_2021_G028,5257425,60
/racing/information/Chinese/Horse/Horse.aspx?HorseId=HK_2023_J054,674450,50
/racing/information/Chinese/Horse/Horse.aspx?HorseId=HK_2019_D288,5800425,78
/racing/information/Chinese/Horse/Horse.aspx?HorseId=HK_2021_G269,3727600,63
/racing/information/Chinese/Horse/Horse.aspx?HorseId=HK_2021_G268,3452850,67
/racing/information/Chinese/Horse/Horse.aspx?HorseId=HK_2021_G434,4379575,69
/racing/information/Chinese/Horse/Horse.aspx?HorseId=HK_2023_J020,2948825,64
/racing/information/Chinese/Horse/Horse.aspx?HorseId=HK_2021_G131,4444500,79
/racing/information/Chinese/Horse/Horse.aspx?HorseId=HK_2021_G357,301875,62
/racing/information/Chinese/Horse/Horse.aspx?HorseId=HK_2021_G397,30625,16
/racing/information/Chinese/Horse/Horse.aspx?HorseId=HK_2017_B213,7012350,28
/racing/information/Chinese/Horse/Horse.aspx?HorseId=HK_2021_E496,1865700,48
/racing/information/Chinese/Horse/Horse.aspx?HorseId=HK_2022_H133,1535925,45
/racing/information/Chinese/Horse/Horse.aspx?HorseId=HK_2022_H323,1821450,55
/racing/information/Chinese/Horse/Horse.aspx?HorseId=HK_2022_H378,81900,44
/racing/information/Chinese/Horse/Horse.aspx?HorseId=HK_2021_G402,4116300,67
/racing/information/Chinese/Horse/Horse.aspx?HorseId=HK_2020_E480,3222800,52
/racing/information/Chinese/Horse/Horse.aspx?HorseId=HK_2020_E441,4729600,68
/racing/information/Chinese/Horse/Horse.aspx?HorseId=HK_2022_H299,1919050,60
/racing/information/Chinese/Horse/Horse.aspx?HorseId=HK_2023_J022,123000,61
/racing/information/Chinese/Horse/Horse.aspx?HorseId=HK_2022_H093,11856975,106
/racing/information/Chinese/Horse/Horse.aspx?HorseId=HK_2022_H223,8598450,86
/racing/information/Chinese/Horse/Horse.aspx?HorseId=HK_2021_G043,502100,10
/racing/information/Chinese/Horse/Horse.aspx?HorseId=HK_2021_H004,352925,32
/racing/information/Chinese/Horse/Horse.aspx?HorseId=HK_2020_E328,312325,14
/racing/information/Chinese/Horse/Horse.aspx?HorseId=HK_2021_G151,2298550,36
/racing/information/Chinese/Horse/Horse.aspx?HorseId=HK_2019_D164,3955950,36
/racing/information/Chinese/Horse/Horse.aspx?HorseId=HK_2022_H268,0,40
/racing/information/Chinese/Horse/Horse.aspx?HorseId=HK_2021_G323,3004300,60
/racing/information/Chinese/Horse/Horse.aspx?HorseId=HK_2020_E209,4919050,57
/racing/information/Chinese/Horse/Horse.aspx?HorseId=HK_2021_G388,163800,45
/racing/information/Chinese/Horse/Horse.aspx?HorseId=HK_2021_G452,3437450,67
/racing/information/Chinese/Horse/Horse.aspx?HorseId=HK_2022_H216,4178970,76
/racing/information/Chinese/Horse/Horse.aspx?HorseId=HK_2020_E490,6543550,70
/racing/information/Chinese/Horse/Horse.aspx?HorseId=HK_2022_H091,2743425,67
/racing/information/Chinese/Horse/Horse.aspx?HorseId=HK_2022_H139,7139575,88
/racing/information/Chinese/Horse/Horse.aspx?HorseId=HK_2020_E054,23979850,91
/racing/information/Chinese/Horse/Horse.aspx?HorseId=HK_2018_C465,13792100,76
/racing/information/Chinese/Horse/Horse.aspx?HorseId=HK_2020_E365,7304250,82
/racing/information/Chinese/Horse/Horse.aspx?HorseId=HK_2018_C517,14518130,93
/racing/information/Chinese/Horse/Horse.aspx?HorseId=HK_2021_G209,6357975,75
/racing/information/Chinese/Horse/Horse.aspx?HorseId=HK_2021_G026,1844600,32
/racing/information/Chinese/Horse/Horse.aspx?HorseId=HK_2022_H403,1240200,59
/racing/information/Chinese/Horse/Horse.aspx?HorseId=HK_2022_H281,1025100,51
/racing/information/Chinese/Horse/Horse.aspx?HorseId=HK_2022_H290,1186150,46
/racing/information/Chinese/Horse/Horse.aspx?HorseId=HK_2020_E336,4184450,57
/racing/information/Chinese/Horse/Horse.aspx?HorseId=HK_2022_H394,134550,53
/racing/information/Chinese/Horse/Horse.aspx?HorseId=HK_2023_J133,1944750,67
/racing/information/Chinese/Horse/Horse.aspx?HorseId=HK_2022_H148,1480950,38
/racing/information/Chinese/Horse/Horse.aspx?HorseId=HK_2022_H090,2230850,64
/racing/information/Chinese/Horse/Horse.aspx?HorseId=HK_2022_H278,954900,46
/racing/information/Chinese/Horse/Horse.aspx?HorseId=HK_2022_H474,8644000,100
/racing/information/Chinese/Horse/Horse.aspx?HorseId=HK_2022_H357,71750,58
/racing/information/Chinese/Horse/Horse.aspx?HorseId=HK_2021_G449,3009700,85
/racing/information/Chinese/Horse/Horse.aspx?HorseId=HK_2021_H009,2865600,63
/racing/information/Chinese/Horse/Horse.aspx?HorseId=HK_2021_G119,3003075,60
/racing/information/Chinese/Horse/Horse.aspx?HorseId=HK_2023_J080,148800,59
/racing/information/Chinese/Horse/Horse.aspx?HorseId=HK_2022_H076,878400,57
/racing/information/Chinese/Horse/Horse.aspx?HorseId=HK_2022_H137,6068600,80
/racing/information/Chinese/Horse/Horse.aspx?HorseId=HK_2022_H062,1320000,66
/racing/information/Chinese/Horse/Horse.aspx?HorseId=HK_2022_H408,8024850,97
/racing/information/Chinese/Horse/Horse.aspx?HorseId=HK_2022_H048,1708075,46
/racing/information/Chinese/Horse/Horse.aspx?HorseId=HK_2023_J086,327600,40
/racing/information/Chinese/Horse/Horse.aspx?HorseId=HK_2023_J095,117000,46
/racing/information/Chinese/Horse/Horse.aspx?HorseId=HK_2023_J040,1064700,58
/racing/information/Chinese/Horse/Horse.aspx?HorseId=HK_2022_H270,0,38
/racing/information/Chinese/Horse/Horse.aspx?HorseId=HK_2022_H273,0,45
/racing/information/Chinese/Horse/Horse.aspx?HorseId=HK_2019_D050,5696445,38
/racing/information/Chinese/Horse/Horse.aspx?HorseId=HK_2022_H424,157950,52
/racing/information/Chinese/Horse/Horse.aspx?HorseId=HK_2023_J049,315900,39
/racing/information/Chinese/Horse/Horse.aspx?HorseId=HK_2023_J029,46800,43
/racing/information/Chinese/Horse/Horse.aspx?HorseId=HK_2022_H109,7021200,86
/racing/information/Chinese/Horse/Horse.aspx?HorseId=HK_2022_H117,7960650,89
/racing/information/Chinese/Horse/Horse.aspx?HorseId=HK_2022_H386,807300,41
/racing/information/Chinese/Horse/Horse.aspx?HorseId=HK_2018_C416,1954805,42
/racing/information/Chinese/Horse/Horse.aspx?HorseId=HK_2022_H377,2769600,67
/racing/information/Chinese/Horse/Horse.aspx?HorseId=HK_2022_H407,315900,45
/racing/information/Chinese/Horse/Horse.aspx?HorseId=HK_2021_G025,1785550,30
/racing/information/Chinese/Horse/Horse.aspx?HorseId=HK_2022_H375,40950,44
/racing/information/Chinese/Horse/Horse.aspx?HorseId=HK_2022_H298,4191900,76
/racing/information/Chinese/Horse/Horse.aspx?HorseId=HK_2020_E452,3671400,63
/racing/information/Chinese/Horse/Horse.aspx?HorseId=HK_2021_G420,2325600,54
/racing/information/Chinese/Horse/Horse.aspx?HorseId=HK_2020_E244,2540800,45
/racing/information/Chinese/Horse/Horse.aspx?HorseId=HK_2022_H334,3690700,77
/racing/information/Chinese/Horse/Horse.aspx?HorseId=HK_2022_H459,1798150,66
/racing/information/Chinese/Horse/Horse.aspx?HorseId=HK_2021_G346,3085050,78
/racing/information/Chinese/Horse/Horse.aspx?HorseId=HK_2020_E445,5779400,67
/racing/information/Chinese/Horse/Horse.aspx?HorseId=HK_2020_E234,3651850,66
/racing/information/Chinese/Horse/Horse.aspx?HorseId=HK_2021_G013,4347875,54
/racing/information/Chinese/Horse/Horse.aspx?HorseId=HK_2023_J078,704550,58
/racing/information/Chinese/Horse/Horse.aspx?HorseId=HK_2021_G137,2054725,59
/racing/information/Chinese/Horse/Horse.aspx?HorseId=HK_2022_H360,0,47
/racing/information/Chinese/Horse/Horse.aspx?HorseId=HK_2022_H347,1440200,43
/racing/information/Chinese/Horse/Horse.aspx?HorseId=HK_2022_H441,2006550,60
/racing/information/Chinese/Horse/Horse.aspx?HorseId=HK_2022_H319,2189850,66
/racing/information/Chinese/Horse/Horse.aspx?HorseId=HK_2022_H244,3567450,74
/racing/information/Chinese/Horse/Horse.aspx?HorseId=HK_2021_G031,3739675,42
/racing/information/Chinese/Horse/Horse.aspx?HorseId=HK_2022_H326,913600,45
/racing/information/Chinese/Horse/Horse.aspx?HorseId=HK_2021_G373,0,44
/racing/information/Chinese/Horse/Horse.aspx?HorseId=HK_2023_J048,0,33
/racing/information/Chinese/Horse/Horse.aspx?HorseId=HK_2021_G050,3272700,48
/racing/information/Chinese/Horse/Horse.aspx?HorseId=HK_2022_H325,1798875,51
/racing/information/Chinese/Horse/Horse.aspx?HorseId=HK_2023_J035,298200,37
/racing/information/Chinese/Horse/Horse.aspx?HorseId=HK_2022_H418,1772550,59
/racing/information/Chinese/Horse/Horse.aspx?HorseId=HK_2023_J057,40950,41
/racing/information/Chinese/Horse/Horse.aspx?HorseId=HK_2023_J005,23400,35
/racing/information/Chinese/Horse/Horse.aspx?HorseId=HK_2022_H484,0,29
/racing/information/Chinese/Horse/Horse.aspx?HorseId=HK_2023_J006,0,41
/racing/information/Chinese/Horse/Horse.aspx?HorseId=HK_2023_J012,0,52
/racing/information/Chinese/Horse/Horse.aspx?HorseId=HK_2021_G193,464700,23
/racing/information/Chinese/Horse/Horse.aspx?HorseId=HK_2022_H251,1390900,48
/racing/information/Chinese/Horse/Horse.aspx?HorseId=HK_2020_E116,890025,30
/racing/information/Chinese/Horse/Horse.aspx?HorseId=HK_2021_G276,1598950,36
/racing/information/Chinese/Horse/Horse.aspx?HorseId=HK_2021_G376,37800,35
/racing/information/Chinese/Horse/Horse.aspx?HorseId=HK_2022_H181,1619550,47
/racing/information/Chinese/Horse/Horse.aspx?HorseId=HK_2022_H435,1117350,53
/racing/information/Chinese/Horse/Horse.aspx?HorseId=HK_2020_E402,1429800,46
/racing/information/Chinese/Horse/Horse.aspx?HorseId=HK_2023_J002,40950,46
/racing/information/Chinese/Horse/Horse.aspx?HorseId=HK_2022_H335,0,52
/racing/information/Chinese/Horse/Horse.aspx?HorseId=HK_2021_G286,12341600,105
/racing/information/Chinese/Horse/Horse.aspx?HorseId=HK_2021_G115,7677000,84
/racing/information/Chinese/Horse/Horse.aspx?HorseId=HK_2021_G371,8141200,103
/racing/information/Chinese/Horse/Horse.aspx?HorseId=HK_2023_J050,4573650,80
/racing/information/Chinese/Horse/Horse.aspx?HorseId=HK_2023_J039,455700,63
/racing/information/Chinese/Horse/Horse.aspx?HorseId=HK_2022_H036,5111800,80
/racing/information/Chinese/Horse/Horse.aspx?HorseId=HK_2022_H398,967200,71
/racing/information/Chinese/Horse/Horse.aspx?HorseId=HK_2022_H433,1469400,65
/racing/information/Chinese/Horse/Horse.aspx?HorseId=HK_2022_H162,2889150,75
/racing/information/Chinese/Horse/Horse.aspx?HorseId=HK_2021_G407,3432250,65
/racing/information/Chinese/Horse/Horse.aspx?HorseId=HK_2023_J073,0,64
/racing/information/Chinese/Horse/Horse.aspx?HorseId=HK_2021_G326,8388300,87
/racing/information/Chinese/Horse/Horse.aspx?HorseId=HK_2019_D082,8263810,68
/racing/information/Chinese/Horse/Horse.aspx?HorseId=HK_2021_G380,6153750,78
/racing/information/Chinese/Horse/Horse.aspx?HorseId=HK_2021_G022,4073250,66
/racing/information/Chinese/Horse/Horse.aspx?HorseId=HK_2022_H451,2909900,74
/racing/information/Chinese/Horse/Horse.aspx?HorseId=HK_2022_H070,3685700,72
/racing/information/Chinese/Horse/Horse.aspx?HorseId=HK_2019_D138,5088090,53
/racing/information/Chinese/Horse/Horse.aspx?HorseId=HK_2019_D399,2471800,44
/racing/information/Chinese/Horse/Horse.aspx?HorseId=HK_2023_J061,0,49
/racing/information/Chinese/Horse/Horse.aspx?HorseId=HK_2022_H193,539550,38
/racing/information/Chinese/Horse/Horse.aspx?HorseId=HK_2022_H106,1691100,43
/racing/information/Chinese/Horse/Horse.aspx?HorseId=HK_2020_E249,12584050,108
/racing/information/Chinese/Horse/Horse.aspx?HorseId=HK_2021_G070,9332700,95
/racing/information/Chinese/Horse/Horse.aspx?HorseId=HK_2021_G236,13993775,109
/racing/information/Chinese/Horse/Horse.aspx?HorseId=HK_2021_G171,20152500,95
/racing/information/Chinese/Horse/Horse.aspx?HorseId=HK_2021_G448,11359400,98
/racing/information/Chinese/Horse/Horse.aspx?HorseId=HK_2021_G360,4768875,75
/racing/information/Chinese/Horse/Horse.aspx?HorseId=HK_2022_H362,3285600,75
/racing/information/Chinese/Horse/Horse.aspx?HorseId=HK_2020_E434,4800075,70
/racing/information/Chinese/Horse/Horse.aspx?HorseId=HK_2020_E431,2851625,56
/racing/information/Chinese/Horse/Horse.aspx?HorseId=HK_2022_H381,1497750,60
/racing/information/Chinese/Horse/Horse.aspx?HorseId=HK_2023_J120,1322100,55
/racing/information/Chinese/Horse/Horse.aspx?HorseId=HK_2023_J024,450450,53
/racing/information/Chinese/Horse/Horse.aspx?HorseId=HK_2023_J028,157950,46
/racing/information/Chinese/Horse/Horse.aspx?HorseId=HK_2023_J033,111150,45
/racing/information/Chinese/Horse/Horse.aspx?HorseId=HK_2022_H404,0,35
/racing/information/Chinese/Horse/Horse.aspx?HorseId=HK_2021_G210,1550675,37
/racing/information/Chinese/Horse/Horse.aspx?HorseId=HK_2023_J063,380250,41
/racing/information/Chinese/Horse/Horse.aspx?HorseId=HK_2023_J119,228150,49
/racing/information/Chinese/Horse/Horse.aspx?HorseId=HK_2020_E384,1426600,41
/racing/information/Chinese/Horse/Horse.aspx?HorseId=HK_2023_J101,0,48
/racing/information/Chinese/Horse/Horse.aspx?HorseId=HK_2022_H439,1579500,59
/racing/information/Chinese/Horse/Horse.aspx?HorseId=HK_2021_G339,1120050,39
/racing/information/Chinese/Horse/Horse.aspx?HorseId=HK_2022_H406,134550,51
/racing/information/Chinese/Horse/Horse.aspx?HorseId=HK_2022_H461,1579500,65
/racing/information/Chinese/Horse/Horse.aspx?HorseId=HK_2018_C332,3558400,51
/racing/information/Chinese/Horse/Horse.aspx?HorseId=HK_2022_H286,18900,43
/racing/information/Chinese/Horse/Horse.aspx?HorseId=HK_2022_H288,0,48
/racing/information/Chinese/Horse/Horse.aspx?HorseId=HK_2022_H483,356850,42
/racing/information/Chinese/Horse/Horse.aspx?HorseId=HK_2022_H320,450450,52
/racing/information/Chinese/Horse/Horse.aspx?HorseId=HK_2021_G278,1591425,32
/racing/information/Chinese/Horse/Horse.aspx?HorseId=HK_2023_J015,1099800,57
/racing/information/Chinese/Horse/Horse.aspx?HorseId=HK_2018_C436,4753195,41
/racing/information/Chinese/Horse/Horse.aspx?HorseId=HK_2021_G223,3312950,61
/racing/information/Chinese/Horse/Horse.aspx?HorseId=HK_2021_G478,1089900,51
/racing/information/Chinese/Horse/Horse.aspx?HorseId=HK_2022_H361,465800,50
/racing/information/Chinese/Horse/Horse.aspx?HorseId=HK_2022_H213,1545250,42
/racing/information/Chinese/Horse/Horse.aspx?HorseId=HK_2022_H309,0,36
/racing/information/Chinese/Horse/Horse.aspx?HorseId=HK_2022_H089,6732000,84
/racing/information/Chinese/Horse/Horse.aspx?HorseId=HK_2022_H274,7479225,89
/racing/information/Chinese/Horse/Horse.aspx?HorseId=HK_2018_C377,11114400,91
/racing/information/Chinese/Horse/Horse.aspx?HorseId=HK_2021_G246,5441925,75
/racing/information/Chinese/Horse/Horse.aspx?HorseId=HK_2019_D489,7674950,82
/racing/information/Chinese/Horse/Horse.aspx?HorseId=HK_2023_J079,241800,59
/racing/information/Chinese/Horse/Horse.aspx?HorseId=HK_2023_J036,0,47
/racing/information/Chinese/Horse/Horse.aspx?HorseId=HK_2023_J110,37200,53
/racing/information/Chinese/Horse/Horse.aspx?HorseId=HK_2022_H237,4875550,73
/racing/information/Chinese/Horse/Horse.aspx?HorseId=HK_2022_H212,14106600,105
/racing/information/Chinese/Horse/Horse.aspx?HorseId=HK_2023_J053,2941250,72
/racing/information/Chinese/Horse/Horse.aspx?HorseId=HK_2023_J075,5638000,83
/racing/information/Chinese/Horse/Horse.aspx?HorseId=HK_2023_J052,65100,70
/racing/information/Chinese/Horse/Horse.aspx?HorseId=HK_2023_J109,93600,42
/racing/information/Chinese/Horse/Horse.aspx?HorseId=HK_2023_J105,0,51
/racing/information/Chinese/Horse/Horse.aspx?HorseId=HK_2022_H400,0,53
/racing/information/Chinese/Horse/Horse.aspx?HorseId=HK_2023_J104,3263000,69
/racing/information/Chinese/Horse/Horse.aspx?HorseId=HK_2020_E296,1163675,16
/racing/information/Chinese/Horse/Horse.aspx?HorseId=HK_2021_G295,1176975,30
/racing/information/Chinese/Horse/Horse.aspx?HorseId=HK_2022_H058,459900,38
/racing/information/Chinese/Horse/Horse.aspx?HorseId=HK_2022_H317,1041300,39
/racing/information/Chinese/Horse/Horse.aspx?HorseId=HK_2022_H425,1597050,51
/racing/information/Chinese/Horse/Horse.aspx?HorseId=HK_2021_G208,4677100,71
/racing/information/Chinese/Horse/Horse.aspx?HorseId=HK_2023_J138,3442350,68
/racing/information/Chinese/Horse/Horse.aspx?HorseId=HK_2022_H336,0,57
/racing/information/Chinese/Horse/Horse.aspx?HorseId=HK_2023_J111,70200,51
/racing/information/Chinese/Horse/Horse.aspx?HorseId=HK_2022_H368,4631400,87
/racing/information/Chinese/Horse/Horse.aspx?HorseId=HK_2022_H024,1752900,56
/racing/information/Chinese/Horse/Horse.aspx?HorseId=HK_2023_J037,725400,55
/racing/information/Chinese/Horse/Horse.aspx?HorseId=HK_2020_E188,1965000,36
/racing/information/Chinese/Horse/Horse.aspx?HorseId=HK_2022_H118,655200,51
/racing/information/Chinese/Horse/Horse.aspx?HorseId=HK_2023_J088,0,39
/racing/information/Chinese/Horse/Horse.aspx?HorseId=HK_2023_J089,269100,50
/racing/information/Chinese/Horse/Horse.aspx?HorseId=HK_2023_J018,0,58
/racing/information/Chinese/Horse/Horse.aspx?HorseId=HK_2022_H276,2003400,58
/racing/information/Chinese/Horse/Horse.aspx?HorseId=HK_2022_H201,443250,40
/racing/information/Chinese/Horse/Horse.aspx?HorseId=HK_2019_D507,2847250,47
/racing/information/Chinese/Horse/Horse.aspx?HorseId=HK_2023_J041,140400,38
/racing/information/Chinese/Horse/Horse.aspx?HorseId=HK_2021_G067,2020200,48
/racing/information/Chinese/Horse/Horse.aspx?HorseId=HK_2022_H471,157950,40
/racing/information/Chinese/Horse/Horse.aspx?HorseId=HK_2022_H488,0,44
/racing/information/Chinese/Horse/Horse.aspx?HorseId=HK_2021_G241,1544400,57
/racing/information/Chinese/Horse/Horse.aspx?HorseId=HK_2023_J059,0,42
/racing/information/Chinese/Horse/Horse.aspx?HorseId=HK_2023_J068,0,42
/racing/information/Chinese/Horse/Horse.aspx?HorseId=HK_2022_H289,3218050,65
/racing/information/Chinese/Horse/Horse.aspx?HorseId=HK_2021_G170,2799200,64
/racing/information/Chinese/Horse/Horse.aspx?HorseId=HK_2023_J137,856400,65
/racing/information/Chinese/Horse/Horse.aspx?HorseId=HK_2023_J154,0,57
/racing/information/Chinese/Horse/Horse.aspx?HorseId=HK_2021_G196,2626200,46
/racing/information/Chinese/Horse/Horse.aspx?HorseId=HK_2022_H266,4105425,62
/racing/information/Chinese/Horse/Horse.aspx?HorseId=HK_2023_J141,4900900,83
/racing/information/Chinese/Horse/Horse.aspx?HorseId=HK_2022_H100,65100,48
/racing/information/Chinese/Horse/Horse.aspx?HorseId=HK_2023_J134,0,50
/racing/information/Chinese/Horse/Horse.aspx?HorseId=HK_2022_H426,581550,40
/racing/information/Chinese/Horse/Horse.aspx?HorseId=HK_2021_G446,17190100,110
/racing/information/Chinese/Horse/Horse.aspx?HorseId=HK_2022_H489,274800,38
/racing/information/Chinese/Horse/Horse.aspx?HorseId=HK_2022_H374,198900,38
/racing/information/Chinese/Horse/Horse.aspx?HorseId=HK_2023_J093,655200,56
/racing/information/Chinese/Horse/Horse.aspx?HorseId=HK_2021_G231,8048350,95
/racing/information/Chinese/Horse/Horse.aspx?HorseId=HK_2021_G338,11894500,98
/racing/information/Chinese/Horse/Horse.aspx?HorseId=HK_2018_C188,23011713,97
/racing/information/Chinese/Horse/Horse.aspx?HorseId=HK_2019_D172,11551050,93
/racing/information/Chinese/Horse/Horse.aspx?HorseId=HK_2023_J098,111150,47
/racing/information/Chinese/Horse/Horse.aspx?HorseId=HK_2019_D501,5507525,50
/racing/information/Chinese/Horse/Horse.aspx?HorseId=HK_2022_H446,0,64
/racing/information/Chinese/Horse/Horse.aspx?HorseId=HK_2021_G474,3435200,66
/racing/information/Chinese/Horse/Horse.aspx?HorseId=HK_2021_G102,6369350,72
/racing/information/Chinese/Horse/Horse.aspx?HorseId=HK_2023_J124,130200,69
/racing/information/Chinese/Horse/Horse.aspx?HorseId=HK_2022_H391,774300,59
/racing/information/Chinese/Horse/Horse.aspx?HorseId=HK_2023_J167,0,47
/racing/information/Chinese/Horse/Horse.aspx?HorseId=HK_2023_J153,0,54
/racing/information/Chinese/Horse/Horse.aspx?HorseId=HK_2023_J184,23400,42
/racing/information/Chinese/Horse/Horse.aspx?HorseId=HK_2023_J056,292500,40
/racing/information/Chinese/Horse/Horse.aspx?HorseId=HK_2022_H405,146250,42
/racing/information/Chinese/Horse/Horse.aspx?HorseId=HK_2022_H071,0,56
/racing/information/Chinese/Horse/Horse.aspx?HorseId=HK_2021_H019,1936350,50
/racing/information/Chinese/Horse/Horse.aspx?HorseId=HK_2023_J100,0,44
/racing/information/Chinese/Horse/Horse.aspx?HorseId=HK_2022_H161,1547100,62
/racing/information/Chinese/Horse/Horse.aspx?HorseId=HK_2020_E466,5528150,65
/racing/information/Chinese/Horse/Horse.aspx?HorseId=HK_2021_G401,2210400,49
/racing/information/Chinese/Horse/Horse.aspx?HorseId=HK_2020_E177,4077875,51
/racing/information/Chinese/Horse/Horse.aspx?HorseId=HK_2023_J150,23400,36
/racing/information/Chinese/Horse/Horse.aspx?HorseId=HK_2022_H144,880150,40
/racing/information/Chinese/Horse/Horse.aspx?HorseId=HK_2021_G425,620425,28
/racing/information/Chinese/Horse/Horse.aspx?HorseId=HK_2021_G285,317588,32
/racing/information/Chinese/Horse/Horse.aspx?HorseId=HK_2022_H178,719225,34
/racing/information/Chinese/Horse/Horse.aspx?HorseId=HK_2023_J146,468000,45
/racing/information/Chinese/Horse/Horse.aspx?HorseId=HK_2022_H297,163800,50
/racing/information/Chinese/Horse/Horse.aspx?HorseId=HK_2023_J181,655200,55
/racing/information/Chinese/Horse/Horse.aspx?HorseId=HK_2022_H462,1218000,60
/racing/information/Chinese/Horse/Horse.aspx?HorseId=HK_2023_J135,0,53
/racing/information/Chinese/Horse/Horse.aspx?HorseId=HK_2023_J218,70200,43
/racing/information/Chinese/Horse/Horse.aspx?HorseId=HK_2017_B456,6021800,38
/racing/information/Chinese/Horse/Horse.aspx?HorseId=HK_2021_G315,3339600,71
/racing/information/Chinese/Horse/Horse.aspx?HorseId=HK_2021_G414,1510900,29
/racing/information/Chinese/Horse/Horse.aspx?HorseId=HK_2022_H057,118125,33
/racing/information/Chinese/Horse/Horse.aspx?HorseId=HK_2023_J152,0,42
/racing/information/Chinese/Horse/Horse.aspx?HorseId=HK_2023_J065,46800,36
/racing/information/Chinese/Horse/Horse.aspx?HorseId=HK_2023_J192,0,52
/racing/information/Chinese/Horse/Horse.aspx?HorseId=HK_2021_G298,761250,31
/racing/information/Chinese/Horse/Horse.aspx?HorseId=HK_2021_G340,6540475,75
/racing/information/Chinese/Horse/Horse.aspx?HorseId=HK_2022_H271,165625,29
/racing/information/Chinese/Horse/Horse.aspx?HorseId=HK_2021_G042,1243700,21
/racing/information/Chinese/Horse/Horse.aspx?HorseId=HK_2021_G126,1508350,31
/racing/information/Chinese/Horse/Horse.aspx?HorseId=HK_2021_G237,4268125,75
/racing/information/Chinese/Horse/Horse.aspx?HorseId=HK_2023_J122,966000,61
/racing/information/Chinese/Horse/Horse.aspx?HorseId=HK_2023_J242,0,53
/racing/information/Chinese/Horse/Horse.aspx?HorseId=HK_2023_J194,70200,52
/racing/information/Chinese/Horse/Horse.aspx?HorseId=HK_2023_J215,890950,67
/racing/information/Chinese/Horse/Horse.aspx?HorseId=HK_2023_J108,0,62
/racing/information/Chinese/Horse/Horse.aspx?HorseId=HK_2022_H353,64350,39
/racing/information/Chinese/Horse/Horse.aspx?HorseId=HK_2020_E360,4667450,47
/racing/information/Chinese/Horse/Horse.aspx?HorseId=HK_2019_D343,2838000,30
/racing/information/Chinese/Horse/Horse.aspx?HorseId=HK_2022_H097,1913375,40
/racing/information/Chinese/Horse/Horse.aspx?HorseId=HK_2022_H475,412425,51
/racing/information/Chinese/Horse/Horse.aspx?HorseId=HK_2023_J219,900900,59
/racing/information/Chinese/Horse/Horse.aspx?HorseId=HK_2023_J010,0,50
/racing/information/Chinese/Horse/Horse.aspx?HorseId=HK_2021_G463,1983825,46
/racing/information/Chinese/Horse/Horse.aspx?HorseId=HK_2022_H479,0,44
/racing/information/Chinese/Horse/Horse.aspx?HorseId=HK_2022_H202,0,42
/racing/information/Chinese/Horse/Horse.aspx?HorseId=HK_2022_H340,2048350,69
/racing/information/Chinese/Horse/Horse.aspx?HorseId=HK_2023_J171,23400,53
/racing/information/Chinese/Horse/Horse.aspx?HorseId=HK_2023_J143,1041300,56
/racing/information/Chinese/Horse/Horse.aspx?HorseId=HK_2022_H477,1634700,65
/racing/information/Chinese/Horse/Horse.aspx?HorseId=HK_2022_H421,23400,44
/racing/information/Chinese/Horse/Horse.aspx?HorseId=HK_2023_J155,333450,46
/racing/information/Chinese/Horse/Horse.aspx?HorseId=HK_2023_J025,23400,46
/racing/information/Chinese/Horse/Horse.aspx?HorseId=HK_2020_E321,2398675,42
/racing/information/Chinese/Horse/Horse.aspx?HorseId=HK_2022_H372,0,46
/racing/information/Chinese/Horse/Horse.aspx?HorseId=HK_2022_H142,5360925,81
/racing/information/Chinese/Horse/Horse.aspx?HorseId=HK_2020_E097,5210400,66
/racing/information/Chinese/Horse/Horse.aspx?HorseId=HK_2022_H337,4871775,70
/racing/information/Chinese/Horse/Horse.aspx?HorseId=HK_2022_H455,1659600,65
/racing/information/Chinese/Horse/Horse.aspx?HorseId=HK_2020_E414,3176100,62
/racing/information/Chinese/Horse/Horse.aspx?HorseId=HK_2021_G475,551250,43
/racing/information/Chinese/Horse/Horse.aspx?HorseId=HK_2022_H393,216450,47
/racing/information/Chinese/Horse/Horse.aspx?HorseId=HK_2021_H011,988475,34
/racing/information/Chinese/Horse/Horse.aspx?HorseId=HK_2023_J069,175500,47
/racing/information/Chinese/Horse/Horse.aspx?HorseId=HK_2022_H078,6069200,84
/racing/information/Chinese/Horse/Horse.aspx?HorseId=HK_2021_G457,6410185,87
/racing/information/Chinese/Horse/Horse.aspx?HorseId=HK_2022_H257,7588400,93
/racing/information/Chinese/Horse/Horse.aspx?HorseId=HK_2020_E269,11132575,90
/racing/information/Chinese/Horse/Horse.aspx?HorseId=HK_2023_J159,216450,44
/racing/information/Chinese/Horse/Horse.aspx?HorseId=HK_2023_J087,0,46
/racing/information/Chinese/Horse/Horse.aspx?HorseId=HK_2023_J160,0,49
/racing/information/Chinese/Horse/Horse.aspx?HorseId=HK_2023_J121,0,40
/racing/information/Chinese/Horse/Horse.aspx?HorseId=HK_2021_G060,2934375,56
/racing/information/Chinese/Horse/Horse.aspx?HorseId=HK_2023_J074,245700,43
/racing/information/Chinese/Horse/Horse.aspx?HorseId=HK_2022_H080,3579350,68
/racing/information/Chinese/Horse/Horse.aspx?HorseId=HK_2022_H392,2856250,56
/racing/information/Chinese/Horse/Horse.aspx?HorseId=HK_2023_J058,245700,47
/racing/information/Chinese/Horse/Horse.aspx?HorseId=HK_2021_G382,199350,42
/racing/information/Chinese/Horse/Horse.aspx?HorseId=HK_2022_H168,1117350,56
/racing/information/Chinese/Horse/Horse.aspx?HorseId=HK_2022_H373,245700,48
/racing/information/Chinese/Horse/Horse.aspx?HorseId=HK_2023_J176,380250,48
/racing/information/Chinese/Horse/Horse.aspx?HorseId=HK_2022_H467,0,46
/racing/information/Chinese/Horse/Horse.aspx?HorseId=HK_2022_H448,157950,46
/racing/information/Chinese/Horse/Horse.aspx?HorseId=HK_2023_J201,0,45
/racing/information/Chinese/Horse/Horse.aspx?HorseId=HK_2023_J082,3369300,75
/racing/information/Chinese/Horse/Horse.aspx?HorseId=HK_2023_J051,4317450,73
/racing/information/Chinese/Horse/Horse.aspx?HorseId=HK_2020_E204,6926550,78
/racing/information/Chinese/Horse/Horse.aspx?HorseId=HK_2023_J207,3068050,72
/racing/information/Chinese/Horse/Horse.aspx?HorseId=HK_2023_J247,0,60
/racing/information/Chinese/Horse/Horse.aspx?HorseId=HK_2023_J309,245700,48
/racing/information/Chinese/Horse/Horse.aspx?HorseId=HK_2021_G227,11792900,93
/racing/information/Chinese/Horse/Horse.aspx?HorseId=HK_2022_H105,163800,47
/racing/information/Chinese/Horse/Horse.aspx?HorseId=HK_2023_J205,0,44
/racing/information/Chinese/Horse/Horse.aspx?HorseId=HK_2021_G288,1280925,48
/racing/information/Chinese/Horse/Horse.aspx?HorseId=HK_2022_H253,40900,38
/racing/information/Chinese/Horse/Horse.aspx?HorseId=HK_2020_E235,2284050,56
/racing/information/Chinese/Horse/Horse.aspx?HorseId=HK_2023_J304,148350,58
/racing/information/Chinese/Horse/Horse.aspx?HorseId=HK_2021_G275,2806075,53
/racing/information/Chinese/Horse/Horse.aspx?HorseId=HK_2023_J043,0,50
/racing/information/Chinese/Horse/Horse.aspx?HorseId=HK_2023_J226,0,46
/racing/information/Chinese/Horse/Horse.aspx?HorseId=HK_2022_H175,7517650,86
/racing/information/Chinese/Horse/Horse.aspx?HorseId=HK_2022_H485,6145000,86
/racing/information/Chinese/Horse/Horse.aspx?HorseId=HK_2023_J139,111600,59
/racing/information/Chinese/Horse/Horse.aspx?HorseId=HK_2020_E132,2955750,52
/racing/information/Chinese/Horse/Horse.aspx?HorseId=HK_2023_J173,111600,58
/racing/information/Chinese/Horse/Horse.aspx?HorseId=HK_2022_H041,3229100,67
/racing/information/Chinese/Horse/Horse.aspx?HorseId=HK_2023_J213,71750,60
/racing/information/Chinese/Horse/Horse.aspx?HorseId=HK_2023_J214,726950,64
/racing/information/Chinese/Horse/Horse.aspx?HorseId=HK_2023_J112,0,59
/racing/information/Chinese/Horse/Horse.aspx?HorseId=HK_2022_H481,310050,49
/racing/information/Chinese/Horse/Horse.aspx?HorseId=HK_2023_J177,23400,42
/racing/information/Chinese/Horse/Horse.aspx?HorseId=HK_2022_H413,93600,45
/racing/information/Chinese/Horse/Horse.aspx?HorseId=HK_2023_J107,37200,53
/racing/information/Chinese/Horse/Horse.aspx?HorseId=HK_2022_H472,245700,46
/racing/information/Chinese/Horse/Horse.aspx?HorseId=HK_2023_J163,23400,45
/racing/information/Chinese/Horse/Horse.aspx?HorseId=HK_2019_D433,6284350,80
/racing/information/Chinese/Horse/Horse.aspx?HorseId=HK_2023_J204,93600,47
/racing/information/Chinese/Horse/Horse.aspx?HorseId=HK_2023_J115,64350,47
/racing/information/Chinese/Horse/Horse.aspx?HorseId=HK_2023_J099,453375,45
/racing/information/Chinese/Horse/Horse.aspx?HorseId=HK_2023_J081,37200,51
/racing/information/Chinese/Horse/Horse.aspx?HorseId=HK_2018_C143,4655700,56
/racing/information/Chinese/Horse/Horse.aspx?HorseId=HK_2021_H002,725400,53
/racing/information/Chinese/Horse/Horse.aspx?HorseId=HK_2022_H464,655200,50
/racing/information/Chinese/Horse/Horse.aspx?HorseId=HK_2022_H344,70200,48
/racing/information/Chinese/Horse/Horse.aspx?HorseId=HK_2021_G406,491850,55
/racing/information/Chinese/Horse/Horse.aspx?HorseId=HK_2023_J162,23400,46
/racing/information/Chinese/Horse/Horse.aspx?HorseId=HK_2023_J013,0,44
/racing/information/Chinese/Horse/Horse.aspx?HorseId=HK_2022_H155,4044000,68
/racing/information/Chinese/Horse/Horse.aspx?HorseId=HK_2022_H410,3837000,86
/racing/information/Chinese/Horse/Horse.aspx?HorseId=HK_2023_J291,2754100,80
/racing/information/Chinese/Horse/Horse.aspx?HorseId=HK_2023_J140,2932200,69
/racing/information/Chinese/Horse/Horse.aspx?HorseId=HK_2022_H318,0,52
/racing/information/Chinese/Horse/Horse.aspx?HorseId=HK_2023_J169,0,54
/racing/information/Chinese/Horse/Horse.aspx?HorseId=HK_2023_J302,0,66
/racing/information/Chinese/Horse/Horse.aspx?HorseId=HK_2022_H210,4368600,74
/racing/information/Chinese/Horse/Horse.aspx?HorseId=HK_2021_G010,12829950,91
/racing/information/Chinese/Horse/Horse.aspx?HorseId=HK_2023_J244,37200,59
/racing/information/Chinese/Horse/Horse.aspx?HorseId=HK_2023_J144,111150,43
/racing/information/Chinese/Horse/Horse.aspx?HorseId=HK_2023_J323,924300,57
/racing/information/Chinese/Horse/Horse.aspx?HorseId=HK_2022_H417,134550,52
/racing/information/Chinese/Horse/Horse.aspx?HorseId=HK_2020_E421,9846150,96
/racing/information/Chinese/Horse/Horse.aspx?HorseId=HK_2020_E392,12768050,98
/racing/information/Chinese/Horse/Horse.aspx?HorseId=HK_2022_H486,124075,37
/racing/information/Chinese/Horse/Horse.aspx?HorseId=HK_2023_J178,0,44
/racing/information/Chinese/Horse/Horse.aspx?HorseId=HK_2023_J032,0,43
/racing/information/Chinese/Horse/Horse.aspx?HorseId=HK_2023_J258,40950,46
/racing/information/Chinese/Horse/Horse.aspx?HorseId=HK_2023_J253,789750,57
/racing/information/Chinese/Horse/Horse.aspx?HorseId=HK_2022_H445,0,57
/racing/information/Chinese/Horse/Horse.aspx?HorseId=HK_2023_J276,286650,53
/racing/information/Chinese/Horse/Horse.aspx?HorseId=HK_2023_J290,807300,57
/racing/information/Chinese/Horse/Horse.aspx?HorseId=HK_2023_J071,64350,47
/racing/information/Chinese/Horse/Horse.aspx?HorseId=HK_2023_J227,93600,46
/racing/information/Chinese/Horse/Horse.aspx?HorseId=HK_2023_J257,40950,46
/racing/information/Chinese/Horse/Horse.aspx?HorseId=HK_2023_J282,152100,48
/racing/information/Chinese/Horse/Horse.aspx?HorseId=HK_2023_J055,0,53
/racing/information/Chinese/Horse/Horse.aspx?HorseId=HK_2023_J166,37200,55
/racing/information/Chinese/Horse/Horse.aspx?HorseId=HK_2022_H219,3344200,69
/racing/information/Chinese/Horse/Horse.aspx?HorseId=HK_2023_J125,0,63
/racing/information/Chinese/Horse/Horse.aspx?HorseId=HK_2023_J174,283800,57
/racing/information/Chinese/Horse/Horse.aspx?HorseId=HK_2022_H432,65100,54
/racing/information/Chinese/Horse/Horse.aspx?HorseId=HK_2023_J179,23400,46
/racing/information/Chinese/Horse/Horse.aspx?HorseId=HK_2023_J044,0,50
/racing/information/Chinese/Horse/Horse.aspx?HorseId=HK_2023_J102,0,50
/racing/information/Chinese/Horse/Horse.aspx?HorseId=HK_2022_H282,859950,47
/racing/information/Chinese/Horse/Horse.aspx?HorseId=HK_2023_J216,0,48
/racing/information/Chinese/Horse/Horse.aspx?HorseId=HK_2022_H280,0,45
/racing/information/Chinese/Horse/Horse.aspx?HorseId=HK_2023_J164,2091600,66
/racing/information/Chinese/Horse/Horse.aspx?HorseId=HK_2020_E376,1145950,17
/racing/information/Chinese/Horse/Horse.aspx?HorseId=HK_2022_H291,155925,29
/racing/information/Chinese/Horse/Horse.aspx?HorseId=HK_2022_H245,105750,37
/racing/information/Chinese/Horse/Horse.aspx?HorseId=HK_2023_J186,1432200,73
/racing/information/Chinese/Horse/Horse.aspx?HorseId=HK_2022_H170,3236025,75
/racing/information/Chinese/Horse/Horse.aspx?HorseId=HK_2023_J303,37200,68
/racing/information/Chinese/Horse/Horse.aspx?HorseId=HK_2023_J332,0,53
/racing/information/Chinese/Horse/Horse.aspx?HorseId=HK_2022_H227,1237584,60
/racing/information/Chinese/Horse/Horse.aspx?HorseId=HK_2023_J038,130200,62
/racing/information/Chinese/Horse/Horse.aspx?HorseId=HK_2023_J298,37200,58
/racing/information/Chinese/Horse/Horse.aspx?HorseId=HK_2023_J268,0,70
/racing/information/Chinese/Horse/Horse.aspx?HorseId=HK_2023_J295,0,76
/racing/information/Chinese/Horse/Horse.aspx?HorseId=HK_2020_E383,2806950,49
/racing/information/Chinese/Horse/Horse.aspx?HorseId=HK_2023_J158,2738100,73
/racing/information/Chinese/Horse/Horse.aspx?HorseId=HK_2022_H416,40950,47
/racing/information/Chinese/Horse/Horse.aspx?HorseId=HK_2023_J289,0,48
/racing/information/Chinese/Horse/Horse.aspx?HorseId=HK_2023_J263,1281150,64
/racing/information/Chinese/Horse/Horse.aspx?HorseId=HK_2023_J233,1482150,68
/racing/information/Chinese/Horse/Horse.aspx?HorseId=HK_2022_H095,1971000,46
/racing/information/Chinese/Horse/Horse.aspx?HorseId=HK_2023_J347,0,48
/racing/information/Chinese/Horse/Horse.aspx?HorseId=HK_2021_G429,341100,44
/racing/information/Chinese/Horse/Horse.aspx?HorseId=HK_2023_J200,40950,45
/racing/information/Chinese/Horse/Horse.aspx?HorseId=HK_2022_H431,0,52
/racing/information/Chinese/Horse/Horse.aspx?HorseId=HK_2023_J161,1345500,56
/racing/information/Chinese/Horse/Horse.aspx?HorseId=HK_2023_J222,883350,60
/racing/information/Chinese/Horse/Horse.aspx?HorseId=HK_2023_J353,380250,51
/racing/information/Chinese/Horse/Horse.aspx?HorseId=HK_2021_G212,1765750,43
/racing/information/Chinese/Horse/Horse.aspx?HorseId=HK_2022_H389,41000,65
/racing/information/Chinese/Horse/Horse.aspx?HorseId=HK_2023_J261,134550,51
/racing/information/Chinese/Horse/Horse.aspx?HorseId=HK_2022_H054,0,38
/racing/information/Chinese/Horse/Horse.aspx?HorseId=HK_2022_H039,1200600,46
/racing/information/Chinese/Horse/Horse.aspx?HorseId=HK_2022_H447,0,44
/racing/information/Chinese/Horse/Horse.aspx?HorseId=HK_2022_H440,1187550,50
/racing/information/Chinese/Horse/Horse.aspx?HorseId=HK_2018_C341,8384400,66
/racing/information/Chinese/Horse/Horse.aspx?HorseId=HK_2023_J083,455700,53
/racing/information/Chinese/Horse/Horse.aspx?HorseId=HK_2023_J046,0,52
/racing/information/Chinese/Horse/Horse.aspx?HorseId=HK_2022_H240,1445100,69
/racing/information/Chinese/Horse/Horse.aspx?HorseId=HK_2023_J193,0,58
/racing/information/Chinese/Horse/Horse.aspx?HorseId=HK_2021_G207,5261200,80
/racing/information/Chinese/Horse/Horse.aspx?HorseId=HK_2021_G400,117300,37
/racing/information/Chinese/Horse/Horse.aspx?HorseId=HK_2021_G303,2782250,57
/racing/information/Chinese/Horse/Horse.aspx?HorseId=HK_2023_J252,0,50
/racing/information/Chinese/Horse/Horse.aspx?HorseId=HK_2022_H469,0,41
/racing/information/Chinese/Horse/Horse.aspx?HorseId=HK_2023_J236,0,50
/racing/information/Chinese/Horse/Horse.aspx?HorseId=HK_2023_J328,74400,63
/racing/information/Chinese/Horse/Horse.aspx?HorseId=HK_2023_J330,0,64
/racing/information/Chinese/Horse/Horse.aspx?HorseId=HK_2023_J299,0,60
/racing/information/Chinese/Horse/Horse.aspx?HorseId=HK_2023_J312,286650,53
/racing/information/Chinese/Horse/Horse.aspx?HorseId=HK_2023_J339,46800,52
/racing/information/Chinese/Horse/Horse.aspx?HorseId=HK_2023_J066,380250,53
/racing/information/Chinese/Horse/Horse.aspx?HorseId=HK_2023_J315,0,52
/racing/information/Chinese/Horse/Horse.aspx?HorseId=HK_2023_J157,70200,52
/racing/information/Chinese/Horse/Horse.aspx?HorseId=HK_2023_J423,0,52
/racing/information/Chinese/Horse/Horse.aspx?HorseId=HK_2023_J116,70200,47
/racing/information/Chinese/Horse/Horse.aspx?HorseId=HK_2023_J239,40950,47
/racing/information/Chinese/Horse/Horse.aspx?HorseId=HK_2023_J234,0,50
/racing/information/Chinese/Horse/Horse.aspx?HorseId=HK_2023_J221,0,50
/racing/information/Chinese/Horse/Horse.aspx?HorseId=HK_2023_J320,450450,54
/racing/information/Chinese/Horse/Horse.aspx?HorseId=HK_2023_J280,409500,53
/racing/information/Chinese/Horse/Horse.aspx?HorseId=HK_2022_H460,971100,57
/racing/information/Chinese/Horse/Horse.aspx?HorseId=HK_2023_J008,4569950,80
/racing/information/Chinese/Horse/Horse.aspx?HorseId=HK_2021_G057,6838250,66
/racing/information/Chinese/Horse/Horse.aspx?HorseId=HK_2023_J267,235750,77
/racing/information/Chinese/Horse/Horse.aspx?HorseId=HK_2022_H192,6103475,81
/racing/information/Chinese/Horse/Horse.aspx?HorseId=HK_2023_J203,491400,53
/racing/information/Chinese/Horse/Horse.aspx?HorseId=HK_2023_J202,140400,45
/racing/information/Chinese/Horse/Horse.aspx?HorseId=HK_2023_J212,23400,45
/racing/information/Chinese/Horse/Horse.aspx?HorseId=HK_2023_J281,0,52
/racing/information/Chinese/Horse/Horse.aspx?HorseId=HK_2023_J401,213900,65
/racing/information/Chinese/Horse/Horse.aspx?HorseId=HK_2023_J172,0,63
/racing/information/Chinese/Horse/Horse.aspx?HorseId=HK_2023_J333,0,77
/racing/information/Chinese/Horse/Horse.aspx?HorseId=HK_2023_J248,2541600,69
/racing/information/Chinese/Horse/Horse.aspx?HorseId=HK_2023_J439,256500,50
/racing/information/Chinese/Horse/Horse.aspx?HorseId=HK_2023_J076,1059250,50
/racing/information/Chinese/Horse/Horse.aspx?HorseId=HK_2023_J357,147250,50
/racing/information/Chinese/Horse/Horse.aspx?HorseId=HK_2023_J131,175750,50
/racing/information/Chinese/Horse/Horse.aspx?HorseId=HK_2023_J264,361000,50
/racing/information/Chinese/Horse/Horse.aspx?HorseId=HK_2023_J132,128250,50
/racing/information/Chinese/Horse/Horse.aspx?HorseId=HK_2023_J297,0,45
/racing/information/Chinese/Horse/Horse.aspx?HorseId=HK_2023_J308,0,50
/racing/information/Chinese/Horse/Horse.aspx?HorseId=HK_2023_J371,0,50
/racing/information/Chinese/Horse/Horse.aspx?HorseId=HK_2023_J255,0,50
/racing/information/Chinese/Horse/Horse.aspx?HorseId=HK_2023_J165,0,50
/racing/information/Chinese/Horse/Horse.aspx?HorseId=HK_2023_J412,0,50
/racing/information/Chinese/Horse/Horse.aspx?HorseId=HK_2023_J336,0,50
/racing/information/Chinese/Horse/Horse.aspx?HorseId=HK_2021_G465,1622250,51
/racing/information/Chinese/Horse/Horse.aspx?HorseId=HK_2022_H453,76000,51
/racing/information/Chinese/Horse/Horse.aspx?HorseId=HK_2023_J245,553500,66
/racing/information/Chinese/Horse/Horse.aspx?HorseId=HK_2023_J265,0,75
/racing/information/Chinese/Horse/Horse.aspx?HorseId=HK_2023_J180,1136650,59
/racing/information/Chinese/Horse/Horse.aspx?HorseId=HK_2022_H034,280000,29
/racing/information/Chinese/Horse/Horse.aspx?HorseId=HK_2021_G179,737100,34
/racing/information/Chinese/Horse/Horse.aspx?HorseId=HK_2023_J321,421200,53
/racing/information/Chinese/Horse/Horse.aspx?HorseId=HK_2023_J351,0,52
/racing/information/Chinese/Horse/Horse.aspx?HorseId=HK_2023_J148,0,52
/racing/information/Chinese/Horse/Horse.aspx?HorseId=HK_2022_H487,0,48
/racing/information/Chinese/Horse/Horse.aspx?HorseId=HK_2023_J232,292500,54
/racing/information/Chinese/Horse/Horse.aspx?HorseId=HK_2023_J390,140400,52
/racing/information/Chinese/Horse/Horse.aspx?HorseId=HK_2023_J348,23400,50
/racing/information/Chinese/Horse/Horse.aspx?HorseId=HK_2023_J317,23400,48
/racing/information/Chinese/Horse/Horse.aspx?HorseId=HK_2022_H463,0,52
/racing/information/Chinese/Horse/Horse.aspx?HorseId=HK_2023_J188,3713400,74
/racing/information/Chinese/Horse/Horse.aspx?HorseId=HK_2023_J393,213900,62
/racing/information/Chinese/Horse/Horse.aspx?HorseId=HK_2023_J360,37200,64
/racing/information/Chinese/Horse/Horse.aspx?HorseId=HK_2023_J300,279000,69
/racing/information/Chinese/Horse/Horse.aspx?HorseId=HK_2023_J191,0,61
/racing/information/Chinese/Horse/Horse.aspx?HorseId=HK_2023_J364,111600,64
/racing/information/Chinese/Horse/Horse.aspx?HorseId=HK_2023_J305,0,60
/racing/information/Chinese/Horse/Horse.aspx?HorseId=HK_2023_J254,0,52
/racing/information/Chinese/Horse/Horse.aspx?HorseId=HK_2023_J064,0,37
/racing/information/Chinese/Horse/Horse.aspx?HorseId=HK_2022_H308,2908700,78
/racing/information/Chinese/Horse/Horse.aspx?HorseId=HK_2023_J366,0,64
/racing/information/Chinese/Horse/Horse.aspx?HorseId=HK_2023_J306,731500,50
/racing/information/Chinese/Horse/Horse.aspx?HorseId=HK_2023_J369,0,50
/racing/information/Chinese/Horse/Horse.aspx?HorseId=HK_2023_J345,0,50
/racing/information/Chinese/Horse/Horse.aspx?HorseId=HK_2023_J406,0,50
/racing/information/Chinese/Horse/Horse.aspx?HorseId=HK_2023_J404,427800,68
/racing/information/Chinese/Horse/Horse.aspx?HorseId=HK_2022_H239,1769100,66
/racing/information/Chinese/Horse/Horse.aspx?HorseId=HK_2023_J430,0,59
/racing/information/Chinese/Horse/Horse.aspx?HorseId=HK_2022_H476,48125,33
/racing/information/Chinese/Horse/Horse.aspx?HorseId=HK_2023_J240,0,52
/racing/information/Chinese/Horse/Horse.aspx?HorseId=HK_2023_J278,93600,51
/racing/information/Chinese/Horse/Horse.aspx?HorseId=HK_2023_J374,0,52
/racing/information/Chinese/Horse/Horse.aspx?HorseId=HK_2022_H234,421200,50
/racing/information/Chinese/Horse/Horse.aspx?HorseId=HK_2021_G222,669188,58
/racing/information/Chinese/Horse/Horse.aspx?HorseId=HK_2023_J229,3257700,78
/racing/information/Chinese/Horse/Horse.aspx?HorseId=HK_2023_J209,65100,67
/racing/information/Chinese/Horse/Horse.aspx?HorseId=HK_2023_J019,1064000,64
/racing/information/Chinese/Horse/Horse.aspx?HorseId=HK_2023_J251,1701000,70
/racing/information/Chinese/Horse/Horse.aspx?HorseId=HK_2023_J266,0,62
/racing/information/Chinese/Horse/Horse.aspx?HorseId=HK_2023_J384,0,63
/racing/information/Chinese/Horse/Horse.aspx?HorseId=HK_2022_H328,1925400,61
/racing/information/Chinese/Horse/Horse.aspx?HorseId=HK_2022_H231,924300,53
/racing/information/Chinese/Horse/Horse.aspx?HorseId=HK_2021_G317,8484625,89
/racing/information/Chinese/Horse/Horse.aspx?HorseId=HK_2023_J241,23400,57
/racing/information/Chinese/Horse/Horse.aspx?HorseId=HK_2023_J259,23400,48
/racing/information/Chinese/Horse/Horse.aspx?HorseId=HK_2023_J003,0,48
/racing/information/Chinese/Horse/Horse.aspx?HorseId=HK_2023_J435,148800,70
/racing/information/Chinese/Horse/Horse.aspx?HorseId=HK_2023_J436,0,62
/racing/information/Chinese/Horse/Horse.aspx?HorseId=HK_2023_J444,0,63
